CN102009000199298,20091124,CN102071247B8,20170711,C12Q1/68;G01N21/64;C12R1/01;,上海星耀医学科技发展有限公司,上海复星医药（集团）股份有限公司,一种区分非嗜肺与嗜肺军团菌的检测方法及试剂盒,上海市浦东新区康士路17号,201315
CN201510648920.9,20151009,CN105284801B8,20170711,A01N31/16;A01N25/30;A01P1/00;,湖北穆兰同大科技有限公司,陈澍,消毒剂及其制备方法,湖北省武汉市黄陂区盘龙经济开发区巨龙大道198号,430000
CN201610063785.6,20160128,CN105695770B,20170711,C22C1/00;C22C23/00;,大连理工大学,房灿峰,一种原位制备Al<base:Sub>2</base:Sub>X颗粒增强镁基复合材料的方法,辽宁省大连市甘井子区凌工路2号,116024
CN201610063943.8,20160129,CN105781303B,20170711,E05F3/04;E05F3/20;A47K13/12;,王湘冀,王湘冀,一种阻尼器,福建省厦门市海沧区霞飞东路2号,361022
CN201610064166.9,20160129,CN105665739B,20170711,C07K14/765;,福建医科大学,陈伟,铋‑牛血清白蛋白‑铂纳米复合材料及其制备方法,福建省福州市台江区交通路88号,350004
CN201610064542.4,20160128,CN105651125B,20170711,F42B35/00;,晋西工业集团有限责任公司,渠振江,一种稳定装置飞行状态灵活性检测装置,山西省太原市和平北路北巷5号,030027
CN201610064930.2,20160129,CN105502318B,20170711,C12N1/20;C12R1/01;C12P3/00;C01B25/01;,武汉工程大学,肖春桥,一种利用磷矿矿坑水微生物菌群溶解中低品位磷矿的方法,湖北省武汉市洪山区雄楚大街693号,430074
CN201610065098.8,20160129,CN105621294B,20170711,B66C23/82;B66D1/44;F15B13/02;,武汉船用机械有限责任公司,任建辉,一种液控操作双变幅同步调整控制阀组,湖北省武汉市青山区武东街九号,430084
CN201610065976.6,20160130,CN105614904B,20170711,A23N7/00;,苏州精协机械制造有限公司,贝叶琳,鸡头米自动剥皮机,江苏省苏州市吴中经济开发区尹中南路228号,215124
CN201610066338.6,20160130,CN105500124B,20170711,B24B3/18;B24B41/00;B24B41/02;B24B41/04;B24B41/06;B24B53/12;,苏州精协机械制造有限公司,谢志余,挤压丝锥自动螺纹磨床,江苏省苏州市吴中经济开发区尹中南路228号,215124
CN201610067765.6,20160201,CN105671310B,20170711,C22B1/26;,湖北凤山矿业有限公司,洪志刚,一种防氧化焙烧高温矿粉的节水型冷却系统,湖北省黄冈市黄梅县经济开发区,435500
CN201610067841.3,20160201,CN105539953B,20170711,B65B61/14;,玉田县新联印刷机械有限公司,魏明武,一种塑料提手退推穿插方法及机构,河北省唐山市玉田县玉田镇新型技术产业园区,064100
CN201610068779.X,20130411,CN105534471B,20170711,A61B1/00;A61B1/005;A61B1/015;,奥林巴斯株式会社,宫本真一,内窥镜清洗护套及内窥镜装置,日本东京都,0
CN201610069432.7,20160201,CN105525938B,20170711,E21F3/00;F28D15/02;,西安科技大学,陈柳,一种矿用空气冷却设备及冷却方法,陕西省西安市雁塔路中段58号,710054
CN201610070653.6,20160201,CN105522192B,20170711,B23B41/00;B23B39/16;B23Q7/00;B23Q7/16;B23Q7/04;,济南光先数控机械有限公司,陈广先,一种数控钻孔生产线,山东省济南市槐荫区吴家堡龙腾工业园18号,250118
CN201610070857.X,20160202,CN105480625B,20170711,B65F3/02;B65F3/12;,浙江宝成机械科技有限公司,阮志华,一种纯电动垃圾收集车,浙江省宁波市江北区通惠路788号,315021
CN201610072506.2,20160202,CN105603141B,20170711,C21B7/20;,中冶南方工程技术有限公司,李晨光,布料溜槽更换装置的快速装拆机构及布料溜槽更换系统,湖北省武汉市东湖新技术开发区大学园路33号,430223
CN201610073096.3,20160129,CN105648255B,20170711,C22C1/08;,中国科学技术大学,纵旭,一种多孔金属及其制备方法,安徽省合肥市包河区金寨路96号,230026
CN201610073807.7,20160202,CN105565024B,20170711,B65H16/06;B65H23/032;B65H18/10;B65H75/24;B29C59/00;B08B1/02;B08B5/02;,南京嘉旭机械制造股份有限公司,沈江海,高速拉丝机,江苏省南京市高淳经济开发区里溪路7号,211300
CN201610074516.X,20160203,CN105624504B,20170711,C22C23/06;C22F1/06;,中南大学,李慧中,一种耐热稀土镁合金及其不均匀壁厚铸件的热处理工艺,湖南省长沙市岳麓区麓山南路932号,410083
CN201610076414.1,20160203,CN105648370B,20170711,C22F1/06;C22C23/06;,中南大学,李慧中,一种提高稀土镁合金铸件力学性能的热处理工艺,湖南省长沙市岳麓区麓山南路932号,410083
CN201610077217.1,20160203,CN105547010B,20170711,F28D1/04;,浙江省特种设备检验研究院,浙江特富锅炉有限公司,适用于有机热载体锅炉定型能效测试的热负荷调节装置,浙江省杭州市江干区凯旋路211号,310020
CN201610077873.1,20160204,CN105590830B,20170711,H01J65/04;H01J61/02;A61L9/20;,高邮高和光电器材有限公司,朱升和,一种超低温瞬间启动的电磁感应紫外线灯,江苏省扬州市高邮车逻镇工业集中区,225606
CN201610079012.7,20160204,CN105537813B,20170711,B23K37/00;B23K37/047;,广明源光科技股份有限公司,揭英智,一种芯柱点焊装置、LED灯自动化生产系统及生产方法,广东省江门市鹤山市共和镇新兴路328号,529728
CN201610080700.5,20160204,CN105560182B,20170711,A61K9/107;A61K31/337;A61K47/44;A61K47/24;A61K47/22;A61K47/18;A61P35/00;A61K31/355;,索安克（上海）投资有限公司,游剑,注射用卡巴他赛组合物及其制备方法,上海市嘉定区宝安公路2968号7幢5024室,200030
CN201610080833.2,20160204,CN105624374B,20170711,C21D1/667;C21D1/613;C21D11/00;,河北工程大学,侯帅,一种气垫式淬火系统及自动控制系统,河北省邯郸市邯山区光明南大街199号,056038
CN201610081999.6,20160206,CN105533964B,20170711,A45C5/04;A44B19/00;A44B19/34;,芊茂（浙江）拉链有限公司,王联洲,双向对应定位配置开口拉链的箱包缝合加工方法及配置双端开口拉链的箱包结构,浙江省嘉兴市嘉善县姚庄镇联展路168号,314117
CN201610087342.0,20160216,CN105695872B,20170711,C22C38/16;C22C38/12;C22C38/08;B22F3/02;B22F3/10;B22F1/00;B22F5/00;,浙江恒立粉末冶金有限公司,何启华,一种用于粉末冶金的预扩散结合粉末及其制造方法以及利用该粉末制造含油轴承的方法,浙江省金华市婺城区九峰街158号1#厂房,321000
CN201610087807.2,20140401,CN105578171B,20170711,H04N13/00;,青岛海信电器股份有限公司,张钦泉,一种图像信号处理方法及装置,山东省青岛市崂山区株洲路151号,266100
CN201610090169.X,20160218,CN105689547B,20170711,B21D37/10;B21D22/02;B21D43/02;B21D43/20;B21D43/00;H02K15/02;,宁波大和铁芯有限公司,孙铭,用于汽车点火器的异形铁芯的冲压模、流水线、方法,浙江省宁波市北仑区天目山路8号,315800
CN201610097210.6,20160222,CN105534304B,20170711,A47J27/56;A47J36/00;,广东伊莱特电器有限公司,吴津宁,一种电饭锅,广东省中山市东凤镇东海五路永益工业小区,528425
CN201610097489.8,20160223,CN105638934B,20170711,A23D9/007;A23D9/02;,江苏佰康生物科技股份有限公司,李金国,一种银杏复合食用油,江苏省徐州市邳州市铁富镇工业园区2号江苏佰康生物科技股份有限公司,220310
CN201610097879.5,20140614,CN105537730B,20170711,B23K9/12;,金华明正科技有限公司,马双斌,一种多自由度的自动控制的电焊机支架,浙江省金华市婺城区工商城3幢3-302室,321000
CN201610105632.3,20160225,CN105534701B,20170711,A61H39/06;,安徽中医药大学,周美启,一种用于灸疗的艾烟发生装置,安徽省合肥市相山路1号,230012
CN201610112529.1,20160229,CN105580543B,20170711,A01C7/20;,中国农业大学,刘彩玲,一种非圆种子单粒精量排种器,北京市海淀区圆明园西路2号,100193
CN201610113647.4,20160229,CN105624155B,20170711,C12N15/11;C12Q1/68;,华南农业大学,杨杰,一种影响猪饲料转化率性状的分子标记及应用,广东省广州市天河区五山路483号,510642
CN201610114326.6,20130131,CN105742519B,20170711,H01L51/50;H01L51/54;C08G61/12;,张哲夫,刘美荣,一种电致发光器件,浙江省温州市龙湾区海城街道埭岗路15号,325055
CN201610114487.5,20160301,CN105741971B,20170711,H01B12/06;H01B13/00;B82Y30/00;B82Y40/00;C23C14/08;C23C14/35;C23C14/58;,河北大学,代秀红,一种纳米结构超导复合薄膜及其制备方法,河北省保定市北市区五四东路180号河北大学,071002
CN201610115673.0,20160301,CN105775075B,20170711,B63C11/52;,哈尔滨工程大学,廖煜雷,一种易于回收的波浪滑翔器及其回收方法,黑龙江省哈尔滨市南岗区南通大街145号哈尔滨工程大学科技处知识产权办公室,150001
CN201610115886.3,20160302,CN105688743B,20170711,B01F17/54;B01F17/52;C09D7/12;,济南华临化工有限公司,郭依依,一种氟硅改性环氧磷酸酯表面活性剂及其制备方法,山东省济南市蓝翔路11-2号,250032
CN201610116059.6,20160302,CN105609591B,20170711,H01L31/18;H01L21/67;,江西展宇新能源股份有限公司,黄明,一种RENA制绒、刻蚀机的补液阀门流量校准方法,江西省上饶市经济开发区金光大道8号,334100
CN201610117767.1,20160302,CN105536319B,20170711,B01D29/05;B01D29/84;B01D29/90;B01D29/60;,王仕扬,王仕扬,一种釜式加压过滤烘干一体机,贵州省六盘水市钟山区育新中路,553000
CN201610118446.3,20160302,CN105599859B,20170711,B63B1/10;B63B1/28;,哈尔滨工程大学,郝红彬,一种依靠隐藏浮子调节水翼攻角的波浪推进双体船,黑龙江省哈尔滨市南岗区南通大街145号哈尔滨工程大学科技处知识产权办公室,150001
CN201610118730.0,20160301,CN105625451B,20170711,E02D27/00;,沈阳建筑大学,张延年,一种混凝土板浇筑独立住宅一字形基础,辽宁省沈阳市浑南新区浑南东路9号,110168
CN201610120866.5,20160303,CN105690584B,20170711,B28D5/04;B28D7/00;,青岛高测科技股份有限公司,李林,一种易于调整开方尺寸的切割头结构,山东省青岛市高新技术产业开发区火炬支路66号,266114
CN201610121030.7,20160304,CN105582773B,20170711,B01D50/00;F28D7/16;,河北科技大学,易长乐,一种工业或实验室废气处理回收用换热器,河北省石家庄市裕翔街26号,050018
CN201610121288.7,20160303,CN105607163B,20170711,G02B3/00;,北京理工大学,周天丰,一种具有微透镜或微透镜阵列结构的表面的压痕制造方法,北京市海淀区中关村南大街5号,100081
CN201610122281.7,20160304,CN105714754B,20170711,G01N3/12;E02D1/02;,重庆科技学院,许年春,地基平板载荷试验气囊的制作方法,重庆市沙坪坝区虎溪大学城,401331
CN201610124386.6,20160304,CN105552718B,20170711,H01T1/22;H01T4/02;H01T4/08;,成都电力金具总厂,刘杰,一种应用于±800kV直流避雷器上的放电间隙组,四川省成都市龙泉驿区经济技术开发区车城西二路99号,610000
CN201610126573.8,20160307,CN105551633B,20170711,H01B7/17;H01B7/18;H01B7/28;H01B11/00;H01B11/06;H01B13/00;H01B13/02;H01B13/14;H01B13/26;H01B13/24;,中天科技装备电缆有限公司,梁斌,一种轨道交通车辆用机车通信网络电缆及制备方法,江苏省南通市经济开发区新开南路19号,226010
CN201610126606.9,20160307,CN105737650B,20170711,F28D9/02;,南京航空航天大学,张轩恺,螺旋槽孔板换热器及其换热方法,江苏省南京市秦淮区御道街29号,210016
CN201610126967.3,20160307,CN105572376B,20170711,G01N33/577;G01N33/558;,中国烟草总公司贵州省公司,楼小华,一种检测农作物中甲基硫菌灵残留的试纸及其应用、制备方法,贵州省贵阳市观山湖区云潭北路烟草科技大楼,550025
CN201610129076.3,20160308,CN105603295B,20170711,C22C37/10;C22C33/08;,上海安投机械配件有限公司,陈步庆,播种机用铸造零件,上海市崇明县崇明工业园区秀山路68号,202150
CN201610129208.2,20160308,CN105648774B,20170711,D06M15/263;D06M11/83;,长江大学,熊艳,一种纳米银线聚合物复合抗菌制品及其制备方法,湖北省荆州市南环路1号,434023
CN201610130447.X,20160309,CN105619178B,20170711,B23Q17/09;,华中科技大学,陈吉红,一种数控机床断刀实时检测方法,湖北省武汉市洪山区珞喻路1037号,430074
CN201610130538.3,20160308,CN105559127B,20170711,A24B3/04;A24B3/10;B25J18/00;,四川共悦智能科技有限公司,赵平,一种烟叶复烤智能化自动摆把装置,四川省成都市高新区天府二街138号2栋19楼1905号,610000
CN201610133324.1,20160309,CN105714755B,20170711,G01V9/02;E02D1/02;,同济大学,中国建筑股份有限公司,一种可开闭的隧道超前水压水量探测装置,上海市杨浦区四平路1239号,200092
CN201610133452.6,20160309,CN105800673B,20170711,C01G19/00;B82Y30/00;B82Y40/00;,上海理工大学,沈淑玲,一种In<base:Sub>4</base:Sub>SnS<base:Sub>8</base:Sub>超薄膜的制备方法,上海市杨浦区军工路516号,200093
CN201610133594.2,20140725,CN105737656B,20170711,F28D15/04;,东莞市闻誉实业有限公司,叶伟炳,热管散热器,广东省东莞市茶山镇京山村第三工业区闻宇路,523380
CN201610135274.0,20160310,CN105716488B,20170711,F42D5/04;C06B33/02;,中国人民解放军军械工程学院,甄建伟,一种未爆弹就地销毁装置及销毁方法,河北省石家庄市和平西路97号,050003
CN201610135552.2,20160310,CN105603191B,20170711,C22B3/42;C22B34/22;,武汉理工大学,张一敏,一种石煤提钒酸浸液降酸除杂预处理的方法,湖北省武汉市洪山区珞狮路122号,430070
CN201610137919.4,20160311,CN105605992B,20170711,F42C11/00;H02J7/00;H02J7/02;,西安工业大学,陈超波,使用超级电容模组的火工品发火装置,陕西省西安市未央区学府中路2号,710032
CN201610138134.9,20160311,CN105642780B,20170711,B21D43/18;,扬州恒佳自动化设备有限公司,严伟,一种用于折弯机器人的工装,江苏省扬州市邗江区邗江工业园吉安路2/1,225000
CN201610138420.5,20160311,CN105735229B,20170711,E02C5/00;E02C3/00;,中国葛洲坝集团股份有限公司,中国葛洲坝集团机电建设有限公司,一种对大型升船机所用多套平衡重组进行重量配平的方法,湖北省武汉市硚口区解放大道558号葛洲坝大厦,430033
CN201610138616.4,20160311,CN105648827B,20170711,D21F13/00;D21B1/06;,韦周全,韦周全,一种干法造纸装置及方法,广西壮族自治区南宁市江南区星光大道68号7-603,530028
CN201610143001.0,20160314,CN105686163B,20170711,A41D13/12;A41D27/10;,李璐,李璐,一种方便冲洗会阴的病员服,陕西省西安市新城区长乐西路15号第四军医大学西京医院麻醉科,0
CN201610143492.9,20160310,CN105806166B,20170711,F42D5/04;,中国人民解放军军械工程学院,甄建伟,一种销毁未爆弹药用可燃胶及其制备方法与应用,河北省石家庄市和平西路97号,050003
CN201610145011.8,20160314,CN105742397B,20170711,H01L31/109;H01L31/105;,电子科技大学,张有润,一种可见光到红外光探测的宽波段光电二极管,四川省成都市高新区（西区）西源大道2006号,611731
CN201610145113.X,20160314,CN105656941B,20170711,H04L29/06;H04L9/32;H04L12/28;,美的集团股份有限公司,美的智慧家居科技有限公司,身份认证装置和方法,广东省佛山市顺德区北滘镇美的大道6号美的总部大楼B区26-28楼,528311
CN201610149928.5,20160316,CN105761766B,20170711,G21C17/007;G03B15/00;,武汉大学,徐亚明,核安全壳高分辨率影像采集系统,湖北省武汉市武昌区珞珈山武汉大学,430072
CN201610151972.X,20160317,CN105600538B,20170711,B65H16/00;B65H35/02;,大连奥特马工业有限公司,田大勇,一种分切机用六爪气胀夹盘装置,辽宁省大连市经济技术开发区福泉北路36号,116000
CN201610152347.7,20160317,CN105643822B,20170711,B28D7/04;C30B33/06;,邢台晶龙电子材料有限公司,王会敏,一种单晶硅棒机械粘接设备,河北省邢台市开发区南三环广通路516号,054001
CN201610153889.6,20160317,CN105758339B,20170711,G01B11/26;,中国计量学院,朱维斌,基于几何误差修正技术的光轴与物面垂直度检测方法,浙江省杭州市下沙高教园区学源街258号,310018
CN201610155441.8,20160318,CN105616024B,20170711,A61C17/10;,中国人民解放军第三军医大学第三附属医院,周霞,口内支撑吸唾器,重庆市渝中区大坪长江支路10号,400042
CN201610156315.4,20160318,CN105592597B,20170711,H05B33/08;,恒亦明（重庆）科技有限公司,沙玉峰,照明驱动电源控制装置及系统,重庆市渝北区人和镇人和大道8号4楼,401121
CN201610158282.7,20160321,CN105565320B,20170711,C01B32/956;,平顶山市国邦新材料有限公司,韩战东,一种碳化硅提纯净化系统,河南省平顶山市郏县城东产业聚集区兴业路与行政路交叉口,467100
CN201610159347.X,20160321,CN105823880B,20170711,G01N33/577;,中国科学院理化技术研究所,东莞博识生物科技有限公司,一种利用钩状效应拓展检测范围的生物芯片及其检测方法,北京市海淀区中关村东路29号,100190
CN201610162124.9,20160321,CN105669565B,20170711,C07D239/70;A61K31/517;A61P35/00;,南京林业大学,王石发,异长叶烷基嘧啶类化合物及其制备方法与应用,江苏省南京市玄武区龙蟠路159号,210037
CN201610164990.1,20160322,CN105675771B,20170711,G01N30/06;,河北工业大学,陈玉焕,一种从水中富集芳香胺类化合物的方法,天津市红桥区丁字沽光荣道8号河北工业大学330信箱,300130
CN201610168654.4,20160323,CN105752307B,20170711,B63H23/02;B63H25/10;,哈尔滨工程大学,李晔,一种海洋航行器动力输出轴向可调扭矩传输机构,黑龙江省哈尔滨市南岗区南通大街145号哈尔滨工程大学科技处知识产权办公室,150001
CN201610172368.5,20160323,CN105646489B,20170711,C07D471/04;,佛山市联智新创科技有限公司,杨果,7‑氮杂吲哚及其制备方法,广东省佛山市南海区桂城夏西东便围工业区佛山市联智新创科技有限公司,528200
CN201610181033.X,20160328,CN105783561B,20170711,F28D9/00;F28F13/12;,中国石油大学（华东）,蒋文春,一种三介质编织式金属丝网材料换热器及制作方法,山东省青岛市青岛经济开发区长江西路66号,266580
CN201610181865.1,20160328,CN105755309B,20170711,C22C9/00;C22C1/02;H01H1/025;,西安建筑科技大学,王发展,一种大锭挤压铜铬触头材料的工艺,陕西省西安市雁塔路13号,710055
CN201610184005.3,20160329,CN105598730B,20170711,B23Q5/00;B23Q5/22;B23Q7/06;B23Q3/00;,黄仕,黄仕,一种自动仪表车床,浙江省温州市瑞安陶山镇岱西村,325200
CN201610185182.3,20160329,CN105643492B,20170711,B25B5/06;B25B5/16;B25B5/14;B25H1/02;,江苏省特种设备安全监督检验研究院南通分院,沈继东,安全阀液压夹紧拆装平台及其工作方法,江苏省南通市崇川区钟秀中路89号,226007
CN201610189098.9,20160329,CN105688469B,20170711,B01D25/21;,上海同臣环保有限公司,汪家喜,一种超高压弹性压榨机的滤框,上海市杨浦区赤峰路65号同济科技园2号215室,200092
CN201610189361.4,20160330,CN105679514B,20170711,H01F27/28;H01F27/32;H01F27/40;H01F38/04;H01F27/36;,常州东芝舒电变压器有限公司,朱丽华,大功率36脉波油浸式高压变频变压器,江苏省常州市钟楼区新闸镇飞龙西路75号,213012
CN201610191242.2,20160330,CN105710819B,20170711,B25B27/00;,天津工程机械研究院,李长茂,一种多功能油缸拆解台,天津市北辰区北辰科技园区华实道91号,300409
CN201610191369.4,20160330,CN105819500B,20170711,C01G23/02;,攀钢集团攀枝花钢铁研究院有限公司,叶恩东,提高含钛高炉渣氯化效率的方法,四川省攀枝花市东区桃源街90号,617000
CN201610192137.0,20160330,CN105743387B,20170711,H02N2/02;H02N2/04;H02K1/12;,南京航空航天大学,王道智,基于杠杆放大的交替步进压电直线电机,江苏省南京市秦淮区御道街29号,210016
CN201610193573.X,20160331,CN105758258B,20170711,F41C23/08;,曹峻峰,曹峻峰,新型组合式稳态枪托,辽宁省大连市开发区滨海路红星海世界观一期7号楼27-2,116000
CN201610199516.2,20160404,CN105845752B,20170711,H01L31/0224;H01L31/18;H01L21/3205;,广州新视界光电科技有限公司,李民,一种应用于柔性光电器件的透明导电薄膜及其制备方法,广东省广州市萝岗区开源大道11号科技企业加速器A1栋,510730
CN201610202715.4,20160401,CN105672692B,20170711,E04G23/03;G01M3/04;,山东国兴智能科技有限公司,鲍明松,一种全自动楼顶查漏补漏机器人及查漏补漏方法,山东省烟台市开发区香港路18号,264000
CN201610205354.9,20140709,CN105869760B,20170711,H01B9/00;H01B9/02;H01B1/24;,上海国孚电力设计工程股份有限公司,李磊,一种高压传输网用电缆,上海市闵行区申南路59弄1号楼707室,201100
CN201610211948.0,20160407,CN105747248B,20170711,A23N12/02;B65G47/52;,申翰昭,申翰昭,一种带输送组件的萝卜清洗设备,广东省肇庆市四会市贞山区大圳村委会大圳二村6号,526299
CN201610212032.7,20160407,CN105768136B,20170711,A23N12/06;,申翰昭,申翰昭,一种萝卜的清洗设备,广东省肇庆市四会市贞山区大圳村委会大圳二村6号,526299
CN201610214168.1,20160407,CN105887563B,20170711,D21H25/04;D21H19/14;D21H19/28;D21H17/07;D21H17/68;D21H17/67;,常江,常江,一种防潮防虫文件封及其生产工艺,北京市丰台区科学城星火路11号写字办公园A座2018室,100070
CN201610214381.2,20160407,CN105887564B,20170711,D21H25/04;D21H19/14;D21H19/28;D21H17/07;D21H17/68;D21H17/67;,常江,常江,一种加固文件封及其生产工艺,北京市丰台区科学城星火路11号写字办公园A座2018室,100070
CN201610215732.1,20160510,CN105728467B,20170711,B21B27/02;,广东韶钢松山股份有限公司,戴文笠,一种针对中厚板轧制的辊形工艺,广东省韶关市曲江区厂南大道3号广东韶钢松山股份有限公司研究中心,512123
CN201610217061.2,20160408,CN105734385B,20170711,C22C29/12;C22C38/00;C22C32/00;C22C33/02;C22C1/05;G21C7/06;,厦门大学,冉广,一种铁基铁酸镝材料及其应用,福建省厦门市思明南路４２２号,361000
CN201610220501.X,20160411,CN105640206B,20170711,A47G19/14;,廖世芳,廖世芳,具有环形花式出液效果的出液装置,福建省泉州市德化县浔中镇景苑花园1#505室,362599
CN201610221394.2,20160411,CN105673771B,20170711,F16F13/06;F16F9/32;,博戈橡胶金属（上海）有限公司,李晓武,一种切换型半主动发动机悬置,上海市青浦区天辰路1818号,201712
CN201610221479.0,20160411,CN105722278B,20170711,H05B33/08;,上海晶丰明源半导体股份有限公司,郑儒富,一种改善LED调光性能的控制电路、控制方法以及LED驱动系统,上海市中国(上海)自由贸易试验区张衡路666弄2号5层54-511室,0
CN201610222076.8,20160411,CN105712410B,20170711,C01G49/12;B01J27/043;,北京三聚环保新材料股份有限公司,高群仰,一种制备二硫化铁的方法,北京市海淀区人大北路33号大行基业大厦9层,100080
CN201610223396.5,20160411,CN105735793B,20170711,E05C3/04;,中国工程物理研究院总体工程研究所,杨永生,动态飞行模拟器座舱门闩,四川省绵阳市绵山路64号,621908
CN201610225691.4,20160412,CN105796564B,20170711,A61K31/517;A61P1/02;A61P31/04;,青岛市市立医院,张欣红,一种防治牙体牙髓感染的药物组合物,山东省青岛市市南区东海中路5号,266000
CN201610225800.2,20160412,CN105772586B,20170711,B21D39/00;B21D43/18;B21C51/00;B30B15/26;,常州市领协智能装备有限公司,张真恺,可自动送料的压铆机,江苏省常州市雪堰镇恒立路2号,213171
CN201610226808.0,20160413,CN105712221B,20170711,B66C23/94;,上海建工五建集团有限公司,朱振贤,塔机防断电保护装置,上海市浦东新区福山路33号5楼B座,200120
CN201610229107.2,20160413,CN105657390B,20170711,H04N9/31;,江南大学,孟磊,一种投影仪,江苏省无锡市滨湖区蠡湖大道1800号,214000
CN201610229133.5,20150601,CN105778970B,20170711,C10G1/00;B09B3/00;B09B5/00;C08J11/12;C09C1/48;,安徽科茂能源科技有限公司,辛本恩,一种连续进料、排渣废旧有机物裂解再生利用的安全环保炼油工艺,安徽省合肥市全椒路与站前路交口乐富公寓5#1127,230011
CN201610229397.0,20160414,CN105888881B,20170711,F02K9/34;F02K9/97;F02K9/32;,湖北三江航天江河化工科技有限公司,刘浚榕,一种连接密封装置,湖北省宜昌市远安县97号信箱,444200
CN201610229915.9,20160414,CN105860879B,20170711,C09J123/08;C09J11/04;C09J11/06;C09J11/08;,上海政太纳米科技股份有限公司,史立秀,厨具用EVA热熔胶,上海市嘉定区南翔镇顺达路300弄87号,200000
CN201610229924.8,20160414,CN105860880B,20170711,C09J123/08;C09J11/04;C09J11/06;C09J11/08;,上海政太纳米科技股份有限公司,史立秀,冰箱密封用EVA热熔胶,上海市嘉定区南翔镇顺达路300弄87号,200000
CN201610229925.2,20160414,CN105778827B,20170711,C09J123/08;C09J11/04;C09J11/06;C09J11/08;,上海政太纳米科技股份有限公司,史立秀,蓄电池用EVA热熔胶,上海市嘉定区南翔镇顺达路300弄87号,200000
CN201610230854.8,20160414,CN105931264B,20170711,G06T7/246;G06T5/00;,西安电子科技大学,武汉工程大学,一种海面红外小目标检测方法,陕西省西安市雁塔区太自南路2号,710071
CN201610232187.7,20150120,CN105852152B,20170711,A23N5/00;,郑磊,郑磊,菱角剥皮机的剥皮方法,浙江省金华市金东区塘雅镇施塘头村黄泥塘巷1号,321032
CN201610232201.3,20160414,CN105867506B,20170711,G05F1/565;,中国电子科技集团公司第二十四研究所,廖鹏飞,一种内嵌参考电压的LDO,重庆市南岸区南坪花园路14号,400060
CN201610234224.8,20160417,CN105707913B,20170711,A23N5/00;,淮阴工学院,吕建强,芡实籽粒脱皮机,江苏省淮安市枚乘东路1号,223003
CN201610234907.3,20160415,CN105651904B,20170711,G01N30/02;,广西壮族自治区梧州食品药品检验所,陈学松,一种脂必妥片中桔霉素的检测方法,广西壮族自治区梧州市西环路中段198号,543000
CN201610236951.8,20160415,CN105671033B,20170711,C12N15/10;,青岛海大蓝科生物科技有限公司,刘翠,直用型高保真PCR扩增混合试剂,山东省青岛市即墨鳌山卫镇蓝色硅谷核心区创业中心3号楼B座5层,266200
CN201610237453.5,20160415,CN105861489B,20170711,C12N15/10;,青岛海大蓝科生物科技有限公司,刘翠,直用型高GC含量核酸PCR扩增混合试剂,山东省青岛市即墨鳌山卫镇蓝色硅谷核心区创业中心3号楼B座5层,266200
CN201610239734.4,20160418,CN105732622B,20170711,C07D471/04;,山东罗欣药业集团股份有限公司,赵金龙,一种阿哌沙班的制备方法,山东省临沂市罗庄区罗七路18号,276017
CN201610245950.X,20160420,CN105811303B,20170711,H02G1/02;,国网山东省电力公司莱州市供电公司,孙英岳,一种带电安装驱鸟器套件,山东省烟台市莱州市府前西街462号,261400
CN201610247809.3,20160420,CN105690404B,20170711,B25J11/00;,武汉大学,王伟,一种输电线路双足机器人末端机械手装置,湖北省武汉市武昌区珞珈山武汉大学,430072
CN201610250459.6,20160421,CN105858508B,20170711,B66C23/80;,北汽福田汽车股份有限公司,何晓鲁,一种支腿伸缩机构及具有其的汽车起重机,北京市昌平区沙河镇沙阳路,102206
CN201610255727.3,20160421,CN105792436B,20170711,H05B33/08;H02M1/08;,矽力杰半导体技术（杭州）有限公司,金津,开关电源的控制器以及开关电源,浙江省杭州市文三路90号东部软件园科技大厦A1501室,310012
CN201610259189.5,20160425,CN105755335B,20170711,C22C21/10;C22C30/06;,海阳鹏程压铸厂,程鹏,一种高强度高耐磨低膨胀系数的铝基合金,山东省烟台市海阳市海园路84号,265100
CN201610259344.3,20160425,CN105715131B,20170711,E05C17/08;,广西大学,王汝贵,一种两段式开启车门防撞限位器,广西壮族自治区南宁市西乡塘区大学路100号,530004
CN201610259687.X,20160425,CN105841560B,20170711,F42B35/02;G01R31/00;,中国人民解放军63908部队,柳维旗,一种制导弹药整弹电性能仿真测试装置,河北省石家庄市北新街169号,050000
CN201610259689.9,20160425,CN105841558B,20170711,F42B35/00;,中国人民解放军63908部队,柳维旗,制导弹药电子装置性能测试仪,河北省石家庄市北新街169号,050000
CN201610260238.7,20160421,CN105823789B,20170711,G01N24/10;,中国科学技术大学,杜江峰,一种电子顺磁共振探头以及检测方法,安徽省合肥市包河区金寨路96号,230026
CN201610260569.0,20160425,CN105775079B,20170711,B63G8/14;,浙江大学,杨灿军,水下自主航行器与水面移动平台的水下非接触移动接驳装置,浙江省杭州市西湖区浙大路38号,310027
CN201610261126.3,20160425,CN105838374B,20170711,C09K11/85;,陕西师范大学,韩庆艳,一种具有红光定向发射性能的镱/铥离子共掺六方相氟钇化钠微米晶体,陕西省西安市长安南路199号,710062
CN201610271941.8,20160428,CN105710592B,20170711,B23Q3/08;B23K37/053;B23B31/10;,俞雪清,俞雪清,无爪夹管卡盘,江苏省常州市武进区横山桥镇芳茂村委陆港村15号,213119
CN201610272475.5,20160428,CN105855043B,20170711,B03C1/30;,何其栋,何其栋,一种铝土矿干选综合利用的方法及系统,山东省聊城市茌平县信发办事处李相武村262号,252100
CN201610282964.9,20150629,CN105888447B,20170711,E06B1/60;E06B1/58;E06B1/70;E06B1/62;E06B1/68;E04B2/00;E04B1/76;,山东省建筑科学研究院,孙洪明,装配式被动房外墙门窗安装方法,山东省济南市天桥区无影山路29号,250031
CN201610283120.6,20160503,CN105773005B,20170711,B23K37/00;H01L31/18;,宁夏小牛自动化设备有限公司,陈世庚,密栅焊带卷布局装置及布局方法和串焊机,宁夏回族自治区银川市金凤区通达南街宝湖路6号,750011
CN201610283629.0,20160429,CN105886880B,20170711,C22C33/04;C22C38/06;C22C38/02;,武汉科技大学,魏耀武,一种低碳铁铝合金及其制备方法,湖北省武汉市青山区建设一路,430081
CN201610284475.7,20160429,CN105852570B,20170711,A47G19/22;A45F3/18;,奔迈（上海）国际贸易有限公司,不公告发明人,一种单手操作杯的杯盖及杯子,上海市浦东新区自由贸易试验区西里路55号9层914B室,200131
CN201610293115.3,20160505,CN105775063B,20170711,B63B39/00;B63B39/06;,哈尔滨工程大学,梁利华,一种T型水翼和副翼板复合减横摇装置,黑龙江省哈尔滨市南岗区南通大街145号哈尔滨工程大学科技处知识产权办公室,150001
CN201610293696.0,20160504,CN105784973B,20170711,G01N33/24;,浙江科技学院,罗战友,一种堆石体的现场倾斜试验测试方法,浙江省杭州市西湖区留和路318号浙江科技学院,310023
CN201610298497.9,20160506,CN105886981B,20170711,C22F1/18;C22C1/04;C22C14/00;B22F9/04;B22F3/105;,中国科学院理化技术研究所,王维,一种具有负热膨胀性质的合金密封件,北京市海淀区中关村东路29号,100190
CN201610298528.0,20160506,CN105821246B,20170711,C22C14/00;C22C1/04;C22F1/18;,中国科学院理化技术研究所,王维,一种具有近零热膨胀特性的钛合金的制备方法,北京市海淀区中关村东路29号,100190
CN201610301844.9,20160509,CN105977316B,20170711,H01L31/0236;H01L31/028;H01L31/042;B82Y20/00;,华中科技大学,程强,一种用于硅材料表面的复合结构及其应用,湖北省武汉市洪山区珞喻路1037号,430074
CN201610309431.5,20160511,CN105753958B,20170711,C07K14/46;C12N15/12;C12N15/81;A23K20/147;A23K50/80;A61K38/17;A61P31/04;,青岛农业大学,侯竹美,一种新型鱼源抗菌肽突变体及其制备方法和应用,山东省青岛市城阳区长城路700号青岛农业大学海洋科学与工程学院,266109
CN201610311943.5,20160512,CN105932075B,20170711,H01L31/0216;H01L31/0224;H01L31/18;,南昌大学,黄海宾,一种背结晶硅异质结太阳电池及其制备方法,江西省南昌市红谷滩新区学府大道999号,330031
CN201610318001.X,20160513,CN105982763B,20170711,A61D7/00;,宁波宇球畜牧器械有限公司,褚祖伟,一种喂药装置,浙江省宁波市余姚市鹿亭乡上庄村荫家路18号,315434
CN201610321057.0,20160516,CN105881633B,20170711,B26D7/01;B26D7/20;B08B15/02;C14B5/00;C14B17/14;,南京工业职业技术学院,白顺科,一种带收放帘的切割机,江苏省南京市中山东路532-2号,210016
CN201610321059.X,20160516,CN105751284B,20170711,B26D7/01;B26D5/00;B26D5/06;C14B15/10;C14B17/14;,南京工业职业技术学院,白顺科,一种带卷扬帘的切割机,江苏省南京市中山东路532-2号,210016
CN201610321060.2,20160516,CN105751285B,20170711,B26D7/01;B26D7/20;,南京工业职业技术学院,白顺科,一种带滑排帘的切割机,江苏省南京市中山东路532-2号,210016
CN201610325074.1,20160517,CN105997291B,20170711,A61D11/00;,广州翼鲲生物科技有限公司,郑保明,全自动红外感应喷淋踏板,广东省广州市天河区马场路16号之一1602、1603、1604室,510000
CN201610327399.3,20160517,CN105800450B,20170711,B66C1/12;,上海锅炉厂有限公司,陈力,一种散管吊具装置,上海市闵行区华宁路250号,200245
CN201610331364.7,20160518,CN105822624B,20170711,F15B19/00;,浙江大学,谢海波,一种先导式负载控制阀的阀芯动态测试系统,浙江省杭州市西湖区浙大路38号,310027
CN201610331615.1,20160518,CN105867428B,20170711,G05D1/12;,南京航空航天大学,万程,基于多运动模态多视点几何的多机器人系统队形变换方法,江苏省南京市御道街29号南京航空航天大学,210016
CN201610338936.4,20160519,CN106008510B,20170711,C07D473/34;C09K11/06;G01N21/64;,陕西师范大学,赵娜,用于检测Hg<base:Sup>2+</base:Sup>的聚集诱导发光型荧光传感器及其制备方法和应用,陕西省西安市长安南路199号,710062
CN201610339891.2,20160520,CN105858434B,20170711,B66C1/10;,巴尔的摩冷却系统（苏州）有限公司,陈帅,一种冷却塔用面板吊装机构,江苏省苏州市昆山市周市镇迎宾西路12号,215313
CN201610347512.4,20160524,CN105817817B,20170711,B66F17/00;,江苏腾飞环境工程设备有限公司,刘俊,移动升降式自动清料工作台,江苏省扬州市江都区真武镇滨湖开发区,225268
CN201610348233.X,20160524,CN105949168B,20170711,C07D311/76;B01J31/22;,陕西师范大学,王超,一种合成异色酮类化合物的方法,陕西省西安市长安南路199号,710062
CN201610352664.3,20160525,CN105920584B,20170711,A61K38/17;A61P35/00;C12N15/12;C12N15/85;,南通大学,王燏婵,小分子多肽47aa的应用,江苏省南通市崇川区啬园路9号,226000
CN201610357866.7,20160526,CN105840066B,20170711,E06B5/11;E06B7/28;E05B63/14;E05B47/00;E05B15/02;G08B13/08;,常州大智光电有限公司,程伯正,一种安全性高的防盗门,江苏省常州市武进区湖塘镇石桥中路3号,213000
CN201610362016.6,20160526,CN106017857B,20170711,G01M9/06;,中国人民解放军63820部队吸气式高超声速技术研究中心,贺伟,吸气式高超声速飞行器分段部件气动力的测量方法,四川省绵阳市涪城区二环路南段6号,621000
CN201610363064.7,20160527,CN105864431B,20170711,F16J15/14;B01D53/00;B01D53/74;,埃克赛姆光电技术（苏州）有限公司,杜兵,一种防止紫外线及气体泄露的水密封装置及其实现方法,江苏省苏州市工业园区金鸡湖大道99号苏州纳米城西北区1栋106室、2栋215室,215000
CN201610372239.0,20160531,CN105861913B,20170711,C22C33/06;C21C5/28;C21C7/10;C22C38/04;C22C38/02;B22D11/00;,唐山钢铁集团有限责任公司,李经哲,中板坯连铸生产700MPa铁素体马氏体双相钢的方法,河北省唐山市路北区滨河路9号,063000
CN201610373844.X,20160530,CN106034784B,20170711,A01G9/02;A01G9/10;A01G9/12;A01G1/00;A01G27/00;C05G3/02;C05G3/00;,广东东篱环境股份有限公司,金生英,一种中高层建筑的攀援植物垂直绿化系统,广东省广州市天河区体育西路191号B塔3822房,510335
CN201610386899.4,20160603,CN105954495B,20170711,G01N33/24;,中国石油大学（华东）,青岛海洋地质研究所,一种地层岩心夹持器,山东省青岛市黄岛区长江西路66号,266580
CN201610388205.0,20160602,CN105870261B,20170711,H01L31/18;H01L21/677;,昆山豪恩特机器人自动化科技有限公司,辛朋朋,全自动光伏太阳能电池硅片印刷上下料设备,江苏省苏州市昆山市高新区玉杨路777号中节能产业园20幢,215300
CN201610390387.5,20160603,CN105858507B,20170711,B66C23/74;B66C13/06;,大连海事大学,陈海泉,一种船用起重机折叠减摇臂式减摇装置,辽宁省大连市高新园区凌海路1号,116026
CN201610396939.3,20160607,CN105780131B,20170711,D01B1/32;,中国农业科学院麻类研究所,刘佳杰,大麻剥麻机茎秆喂入装置,湖南省长沙市岳麓区咸嘉湖西路348号,410205
CN201610403764.4,20160608,CN105822215B,20170711,E06B9/56;E05F15/73;,无锡莫克科技有限公司,朱敏,可循环离合电子限位卷门机,江苏省无锡市新区梅村镇丰东路8-8号,214000
CN201610404047.3,20160608,CN106082357B,20170711,C01G51/04;,淮阴师范学院,殷竟洲,一种四氧化三钴空心多层微球的制备方法,江苏省淮安市淮阴区长江西路111号,223300
CN201610406152.0,20150910,CN105951594B,20170711,E01D19/10;,来安县新元机电设备设计有限公司,杨齐成,桥梁检测装置及其检测方法,安徽省滁州市来安县永阳东路青龙街东侧,239000
CN201610410074.1,20160613,CN106045995B,20170711,C07D471/04;,菏泽学院,樊红莉,"一种5‑溴‑1H‑吡咯并[2,3‑b]吡啶的合成方法",山东省菏泽市大学路2269号菏泽学院生命科研处,274015
CN201610423051.4,20160615,CN106046098B,20170711,C07J17/00;,大连大学,李珂珂,一种乙酰基人参皂苷Rd及其制备方法,辽宁省大连市金州新区学府大街10号,116622
CN201610424170.1,20160615,CN105929885B,20170711,G05F1/56;,深圳市飞仙智能科技有限公司,朱奇良,一种负电压产生电路及集成芯片,广东省深圳市龙华新区民治街道民乐大厦4楼455室,518000
CN201610432264.3,20160617,CN105852551B,20170711,A47G9/10;A61K36/906;A61K36/804;A61K36/8988;A61K36/85;A61K36/8969;A61K36/815;A61P25/20;A61P19/08;A61P19/02;A61P29/00;A61P9/10;A61P9/12;A61P11/02;A61P25/00;A61P1/14;A61P17/14;A61K33/26;A61K33/28;A61K35/02;A61K35/618;A61K31/045;A61K35/64;A61K35/646;A61K35/648;,胡成温,胡成温,护头颈保健枕,山西省太原市南内环街中馨城4号楼1单元0102,030000
CN201610432717.2,20160617,CN106086495B,20170711,C22C1/05;C22C5/06;C22C32/00;B22F1/02;,石家庄铁道大学,李桂景,氧化铜掺杂银氧化锡复合材料及其制备方法,河北省石家庄市北二环东路17号,050043
CN201610440739.3,20160620,CN105856287B,20170711,B26D1/03;B26D7/02;B26D7/06;B26D7/18;B26D7/32;,南京工业职业技术学院,蒋聪,一种条形虫剖切装置,江苏省南京市中山东路532-2号,210016
CN201610450819.7,20160621,CN106066486B,20170711,G01S19/47;,中国人民解放军军械工程学院,韩小刚,车辆位置信息压缩采集方法、终端及系统,河北省石家庄市和平西路97号,050003
CN201610451054.9,20151002,CN105946397B,20170711,B43K23/016;,刘乐凝,邓利云,一种粉笔护套,广东省中山市三乡镇三鑫双语学校高中部高二年级（3）班,528463
CN201610459238.X,20160622,CN105838954B,20170711,C22C26/00;C22C1/10;C22C1/03;C23C18/40;H01L23/373;,东北大学,豆志河,一种搅拌喷吹制备铜基金刚石热沉材料的方法,辽宁省沈阳市和平区文化路3号巷11号,110819
CN201610462712.4,20160623,CN106010402B,20170711,C09J163/00;C09J11/04;C09J11/06;C09J11/08;,陈龙,陈龙,PCB钻机、锣机垫板的翻新方法,广东省深圳市彩田路澳新亚大厦首座172,0
CN201610467082.X,20160623,CN106057954B,20170711,H01L31/09;,西南交通大学,杨峰,具有双光波段功能的碘化铅光探测器,四川省成都市二环路北一段111号西南交通大学科技处,610031
CN201610470571.0,20160623,CN105951589B,20170711,E01D19/06;,武汉臣基工程科技有限公司,熊经雄,大位移量复合式的桥梁伸缩装置,湖北省武汉市蔡甸经济开发区常福新城,430120
CN201610485689.0,20160628,CN106201945B,20170711,G06F13/38;,湖南恒茂高科股份有限公司,郭敏,位宽转换装置,湖南省株洲市醴陵市陶瓷科技工业园B区,412200
CN201610487654.0,20160628,CN105925848B,20170711,C22C18/04;C22C18/02;C22C18/00;C22C1/02;C22F1/16;,东北大学,穆永亮,一种生物医用可降解锌合金内植入材料及其板材制备方法,辽宁省沈阳市和平区文化路3号巷11号,110819
CN201610488682.4,20140109,CN106014039B,20170711,E05D3/04;E05D5/10;E05D11/00;,中山市丰申电器有限公司,林伟,一种带有固定条的开合机构,广东省中山市五桂山商业街118四楼530号,528458
CN201610491959.9,20160629,CN105896442B,20170711,H02G7/16;,国网浙江永康市供电公司,永康市电力设备制造有限公司,一种单根高压线上的除冰机构,浙江省金华市永康市城北东路796号,321300
CN201610505050.4,20160701,CN106130987B,20170711,H04L29/06;G06F21/31;G06F21/32;,冯颖,冯颖,互联网取证方法、装置及互联网保全系统,重庆市渝北区鸳鸯路融科海阔天空二区1号楼26-4,400000
CN201610505541.9,20160701,CN106006546B,20170711,B81C1/00;,吉林大学,张刚,一种转移和控制纳米结构的方法,吉林省长春市前进大街2699号,130012
CN201610510375.1,20160630,CN106044403B,20170711,B65H75/28;B65H49/38;,国网山东省电力公司济南市历城区供电公司,国家电网公司,一种网线整理装置,山东省济南市历城区华龙路31号,250100
CN201610518518.3,20160705,CN105946266B,20170711,B30B1/32;B30B15/30;,苏州正兆机械有限公司,郑斌,一种可自动送料的数控油压机,江苏省苏州市相城区黄桥街道生田村,215000
CN201610518716.X,20160705,CN106024226B,20170711,H01B19/00;,苏州达力客自动化科技有限公司,丁慎平,电瓷瓶前道旋坯设备,江苏省苏州市相城区元和街道相城大道666号7001室,215104
CN201610519530.6,20160705,CN106128530B,20170711,G21C19/19;G21C19/26;G21C17/10;,中国核动力研究设计院,邝刘伟,一种燃料组件水下拔棒方法,四川省成都市一环路南三段28号,610000
CN201610520188.1,20160705,CN106098124B,20170711,G21C17/06;G21C17/10;,中国核动力研究设计院,熊源源,一种燃料组件水下高度测量系统及其测量方法,四川省成都市一环路南三段28号,610000
CN201610531865.X,20160708,CN105947864B,20170711,B66B29/00;,上海爱登堡电梯贵州有限公司,上海爱登堡电梯集团股份有限公司,一种带全防护型梯级挡板装置的自动扶梯,贵州省贵阳市观山湖区现代制造产业园建设指挥部办公大楼1号房（金华镇三铺村）,550000
CN201610534166.0,20160708,CN106256271B,20170711,A41C1/06;A41C1/10;A61H23/02;A61N2/08;A61N5/06;,丹阳市霞琪内衣有限公司,黄琦英,一种具有背部按摩功能的抑菌哺乳期内衣,江苏省镇江市皇塘镇太平山霞琪内衣有限公司,212300
CN201610534168.X,20160708,CN106256272B,20170711,A41C1/06;A41C1/10;A61H23/02;,丹阳市霞琪内衣有限公司,黄琦英,一种具有背部按摩功能的哺乳期内衣,江苏省镇江市皇塘镇太平山霞琪内衣有限公司,212300
CN201610535082.9,20160708,CN106186021B,20170711,C01F11/04;,武汉科技大学,魏耀武,一种质轻颗粒氧化钙材料及其制备方法,湖北省武汉市青山区建设一路,430081
CN201610544749.1,20160712,CN106396331B,20170711,C02F11/12;,厦门理工学院,厦门威迪思汽车设计服务有限公司,一种污泥浓缩脱水干化一体化处理装置及其处理方法,福建省厦门市集美区理工路600号,361024
CN201610569271.8,20160719,CN106012714B,20170711,E01B25/16;E04H6/00;,吕进,孙振起,架空索道车库,北京市朝阳区望京花园127楼1601号,100102
CN201610596145.1,20160727,CN106219611B,20170711,C01G49/06;,升华集团德清华源颜料有限公司,李金花,一种低粘度氧化铁黄,浙江省湖州市德清县钟管镇龙山路837号,313220
CN201610596152.1,20160727,CN106241885B,20170711,C01G49/06;,升华集团德清华源颜料有限公司,李金花,一种低粘度氧化铁黄制备方法,浙江省湖州市德清县钟管镇龙山路837号,313220
CN201610597162.7,20160726,CN106227953B,20170711,G06F17/50;,武汉大学,徐正全,一种具有给定相关性的拉普拉斯噪声序列生成方法及生成器,湖北省武汉市武昌区珞珈山武汉大学,430072
CN201610609931.0,20160729,CN106078819B,20170711,B26D1/02;B26D7/26;,浙江中创科技有限公司,房中华,成形后板材侧边切割以及撕除装置,浙江省湖州市南浔区菱湖镇工业功能区吉友路1号,313000
CN201610612735.9,20160729,CN106289834B,20170711,F28D17/00;,中国核动力研究设计院,朱海雁,一种构建蒸汽发生器二次侧初始工况的实验系统,四川省成都市一环路南三段28号,610000
CN201610626807.5,20160803,CN106057980B,20170711,H01L31/18;H01L21/223;,苏州阿特斯阳光电力科技有限公司,盐城阿特斯协鑫阳光电力科技有限公司,一种晶体硅太阳能电池的磷扩散方法,江苏省苏州市高新区鹿山路199号,215129
CN201610643864.4,20160808,CN106279223B,20170711,C07F5/00;C07C51/41;C07C63/331;C08G83/00;C09K11/06;G01N21/64;,三峡大学,赵君,一种铽基金属有机框架材料，制备方法及其应用,湖北省宜昌市大学路8号,443002
CN201610654290.0,20160810,CN106094974B,20170711,G05G1/10;,苏龙,苏龙,一种多功能控制旋钮,浙江省宁波市高新区研发园C5三楼,315103
CN201610674865.5,20160817,CN106219076B,20170711,B65D83/76;B65D35/30;B65D35/22;,王志伟,王志伟,一种双头可拆分牙膏筒,山东省莱芜市高新技术开发区汶水大街29号莱芜第一中学,271100
CN201610687432.3,20160819,CN106286468B,20170711,F15B15/16;F15B21/14;,章俊,吴婵叶,一种位移的能量回收气缸,浙江省温州市龙湾区海城街道富强路55号,325055
CN201610708882.6,20160824,CN106245833B,20170711,E04B2/88;,河南省华亿绿色建材有限公司,河南省第一建筑工程集团有限责任公司,混凝土保温幕墙叠层过渡施工方法,河南省郑州市新郑市龙湖镇祥云路南侧,450009
CN201610715331.2,20160824,CN106073426B,20170711,A47G25/40;,湖北工业大学,段圣君,一种折叠衣架,湖北省武汉市武昌区南湖李家墩1村1号,430068
CN201610739280.7,20160826,CN106288503B,20170711,F25B25/00;F25B27/00;,山东建筑大学,山东菲波斯节能科技有限公司,一种太阳能驱动的喷射‑吸收式制冷系统,山东省济南市历城区临港开发区凤鸣路,250101
CN201610762438.2,20160825,CN106401534B,20170711,E21B41/00;E21B15/00;A41D13/05;A41F9/00;A41D27/20;A41D27/00;H04B1/3827;,美物德品（北京）科技有限公司,王艳钊,一种双侧收紧护腰带,北京市大兴区北京经济技术开发区地盛中路3号1幢5层518,100176
CN201610762814.8,20160828,CN106158169B,20170711,H01B17/58;H01B17/60;H01R4/70;,威腾电气集团股份有限公司,蒋文功,一种管型母线接头绝缘结构,江苏省镇江市扬中市新坝科技园南自路1号,212212
CN201610769292.4,20160828,CN106169321B,20170711,H01B7/02;H01B7/17;H01B7/28;H01B7/282;H01B7/42;H01B17/58;,威腾电气集团股份有限公司,蒋文功,一种全屏蔽复合绝缘管形母线,江苏省镇江市扬中市新坝科技园南自路1号,212212
CN201610785205.4,20160831,CN106119177B,20170711,C12N1/20;A23L5/20;C12R1/01;,华南农业大学,邓诣群,一株高效降解呕吐毒素的伊格尔兹氏菌Eggerthella sp． D II‑9,广东省广州市天河区五山路483号,510642
CN201610791111.8,20160831,CN106120078B,20170711,D03D1/00;D03D23/00;,常州市宏发纵横新材料科技股份有限公司,谈昆伦,一种加强风电叶片性能的织物及其生产方法,江苏省常州市新北区西夏墅镇纺织工业园丽江路28号,213000
CN201610816792.9,20160912,CN106328766B,20170711,H01L31/18;H01L31/0216;C23C16/44;C23C16/52;C23C16/32;C23C16/22;,三峡大学,谭新玉,一种具有高透射特性太阳能电池减反射膜的制备方法,湖北省宜昌市大学路8号,443002
CN201610817025.X,20160912,CN106226500B,20170711,G01N33/24;,武汉大学,吴迪,一种土壤饱和实验及渗透实验复合装置,湖北省武汉市武昌区珞珈山武汉大学,430072
CN201610824715.8,20160914,CN106231760B,20170711,H05B37/02;,西安科技大学,汪梅,一种基于物联网的家庭灯用智能开关方法,陕西省西安市雁塔中路58号,710054
CN201610834040.5,20160920,CN106179730B,20170711,B03C1/02;B08B3/02;,荆门市格林美新材料有限公司,张云河,除磁性异物的装置,湖北省荆门市高新技术产业开发区,448000
CN201610854747.2,20160927,CN106391711B,20170711,B21B13/02;B21B31/02;B21B31/07;B21B31/24;B21B35/00;B66C23/16;,河北工业大学,肖艳军,电池极片的轧制装置及使用该装置的成套轧制设备,天津市红桥区丁字沽光荣道8号河北工业大学东院330#,300130
CN201610896793.9,20161014,CN106437609B,20170711,E21B33/13;G06F17/50;,西南石油大学,郭小阳,一种高温高压超深井全过程塞流防漏固井设计方法,四川省成都市新都区新都大道8号,610500
CN201610932837.9,20161031,CN106525000B,20170711,G01C11/00;,武汉大学,杨必胜,基于激光扫描离散点强度梯度的道路标线自动化提取方法,湖北省武汉市武昌区珞珈山武汉大学,430072
CN201611052350.8,20161124,CN106423929B,20170711,B08B1/00;B08B3/02;B08B5/02;B08B11/04;B08B13/00;,国网山东省电力公司招远市供电公司,王学锋,光伏发电板清洗装置,山东省烟台市招远市金城路169号国网山东省电力公司招远市供电公司,265400
CN201611062000.X,20161124,CN106345712B,20170711,B08B1/00;B08B3/02;B08B5/02;B08B13/00;,国网山东省电力公司招远市供电公司,薛金训,一种电力发电储能设备清洗方法,山东省烟台市招远市金城路169号国网山东省电力公司招远市供电公司,265400
CN112014000004645,20140204,CN104918926B9,20170711,C07D309/06;A61Q13/00;C07D309/26;,弗门尼舍有限公司,J·库仑,作为花香添味剂的吡喃,瑞士日内瓦,0
CN201680000829.9,20160203,CN106068517B,20170711,G06K9/00;A61B5/1172;,指纹卡有限公司,埃里克·塞特贝里,使用细长型指纹传感器的指纹登记,瑞典哥德堡,0
