CN201310400196.9,20130905,CN103454243B9,20170707,G01N21/39;,郑州光力科技股份有限公司,陈军,一种光纤分布式多点在线气体监测系统及其主机,河南省郑州市高新技术产业开发区长椿路10号,450001
CN201510978753.4,20151224,CN105382604B,20170707,B23Q3/08;B23C3/00;B23C9/00;B23C5/08;,许昌远东传动轴股份有限公司,许昌中兴锻造有限公司,一种万向节叉铣耳部侧面夹具,河南省许昌市北郊尚集镇,461000
CN201510980018.7,20151223,CN105385216B,20170707,C08G18/50;C08G18/79;C08G18/30;C09D5/16;C08J7/04;C08L69/00;C08L55/02;,怀化学院,向德轩,一种UV光固化组合物添加剂及其制备方法,湖南省怀化市鹤城区怀东路180号,418000
CN201510980194.0,20151223,CN105457555B,20170707,B01F15/04;B01F15/02;,苏州金泉新材料股份有限公司,樊海彬,熔纺染料自动配料机,江苏省苏州市常熟市支塘镇八字桥村,215531
CN201510980685.5,20151223,CN105479400B,20170707,B25B27/073;,中车戚墅堰机车车辆工艺研究所有限公司,黎康康,一种齿轮轴轴承拆卸装置及方法,江苏省常州市五一路258号,213011
CN201510983403.7,20151224,CN105414849B,20170707,B23K37/04;,南车二七车辆有限公司,马国英,一种铁路货车上旁承组装用定位装置,北京市丰台区张郭庄甲1号,100072
CN201510983424.9,20151224,CN105485465B,20170707,F16L55/05;E21B21/00;,中国地质大学（北京）,王瑜,轴流式泥浆脉冲缓释器,北京市海淀区学院路29号,100083
CN201510984986.5,20151225,CN105381417B,20170707,A61K36/9066;A61K9/70;A61P19/08;A61K35/64;,沙孝银,沙雪强,中药外治骨科膏药,江苏省南京市秦淮区剪子巷104号2幢3单元206室,210000
CN201510984993.5,20151225,CN105506764B,20170707,D01F1/10;D01F6/92;D01D5/088;D06M15/21;D06M11/83;D06M11/74;B33Y70/00;D06M101/32;,成都新柯力化工科技有限公司,陈庆,一种用于三维打印的浸胶聚碳酸酯丝料及其制备方法,四川省成都市青羊区蛟龙工业港东海路4座,610091
CN201510986597.6,20151226,CN105599221B,20170707,B29C45/17;B29C45/60;,宁波斯曼尔电器有限公司,卢华乔,一种注塑机,浙江省宁波市余姚市低塘街道芦城庙村,315491
CN201510987968.2,20151225,CN105440913B,20170707,C09D167/06;C09D161/20;C09D7/12;C08G63/52;C08G63/676;,桂林电器科学研究院有限公司,姬亚宁,一种低粘度水溶性半无机硅钢片漆及其制备方法,广西壮族自治区桂林市七星区东城路8号,541004
CN201510988464.2,20151225,CN105438279B,20170707,B62D37/00;,桂林电子科技大学,庄未,可自锁的变轮心四轮车,广西壮族自治区桂林市七星区金鸡路1号,541004
CN201510988738.8,20151228,CN105400457B,20170707,C09J129/04;C09J123/08;C09J11/04;C09J11/06;,任新界,任新界,一种可以散发清香气味的卷烟搭口胶以及制备方法,浙江省温州市瑞安市马屿镇曹村曹西村新西路112号,325000
CN201510989082.1,20151228,CN105400465B,20170707,C09J151/00;C09J11/08;C09J11/04;C09J11/06;C08F291/12;,任新界,任新界,一种医用灭菌包装胶以及制备方法,浙江省温州市瑞安市马屿镇曹村曹西村新西路112号,325000
CN201510990114.X,20151224,CN105483812B,20170707,C25F1/00;C23G1/20;C25F7/02;,中色奥博特铜铝业有限公司,冯连朋,一种压延铜箔表面处理过程中的脱脂方法,山东省聊城市临清市东二环路北首,252600
CN201510991763.1,20151225,CN105463705B,20170707,D04H1/70;,江苏迎阳无纺机械有限公司,范立元,无纺织纤维棉网牵伸机,江苏省苏州市常熟市支塘镇任阳工业园（凤泾村）,215539
CN201510994619.3,20151228,CN105567934B,20170707,C21D9/00;,雄邦压铸（南通）有限公司,唐杰雄,新能源汽车车身壳体热处理方法,江苏省南通市通州区高新技术产业开发区朝霞西路,226301
CN201510994771.1,20151228,CN105702532B,20170707,H01H71/10;,江苏亚开电气有限公司,孔福根,一种永磁开关线圈驱动电路,江苏省扬州市邗江经济开发区横六路1号,225100
CN201510995219.4,20151228,CN105400458B,20170707,C09J129/04;C09J191/00;C09J103/02;C09J11/06;C09J11/08;,任新界,任新界,一种食品包装用环保胶水以及制备方法,浙江省温州市瑞安市马屿镇曹村曹西村新西路112号,325000
CN201510995634.X,20151226,CN105459701B,20170707,B43L23/00;B43L23/02;,宁波远志立方能源科技有限公司,周庆芬,可调挡的卷笔刀,浙江省宁波市海曙区丽园北路755号1025室,315012
CN201510995744.6,20151226,CN105655021B,20170707,H01B7/02;H01B7/17;H01B7/18;H01B7/22;H01B7/295;H01B3/44;H01B11/00;C08L83/06;C08L77/00;C08L27/18;C08K3/22;,宁波远志立方能源科技有限公司,周庆芬,抗挤压信号电缆,浙江省宁波市海曙区丽园北路755号1025室,315012
CN201510997318.6,20151228,CN105544471B,20170707,E02B7/26;E02B7/34;E02B7/36;,河南同泰建设工程有限公司,章华,一种带有液压封闭的水闸及其施工方法,河南省驻马店市解放路1088号,463000
CN201510997773.6,20151224,CN105411342B,20170707,A47G33/00;,济南大学,杨海波,一种滑动香台,山东省济南市市中区南辛庄西路336号,250022
CN201510998444.3,20151228,CN105386230B,20170707,D04B21/08;D04B21/18;,江南大学,丛洪莲,双针床无底提花三明治织物的生产方法,江苏省无锡市蠡湖大道1800号,214122
CN201510998580.2,20151228,CN105415895B,20170707,B41J3/00;B41J3/44;,珠海市日强印刷有限公司,罗杰强,一种标签印刷机的印刷机构,广东省珠海市香洲洲山路2号1层B区、2层B区,519001
CN201511000406.0,20151228,CN105506302B,20170707,C22B11/02;C22B7/00;,江苏兆龙电气有限公司,孙军平,一种回收废催化剂中贵金属的方法,江苏省泰州市兴化市张郭镇长安路,225722
CN201511002243.X,20151229,CN105624549B,20170707,C22C38/02;C22C38/04;C22C38/06;C22C38/12;C22C38/14;C22C38/16;C22C33/04;,武钢集团昆明钢铁股份有限公司,张竹明,一种345MPa级抗震耐火耐候钢及其制备方法,云南省昆明市安宁市郎家庄昆钢科技创新部,650300
CN201511007645.9,20151229,CN105419623B,20170707,C09D175/14;C09D133/00;C09D7/12;,河北晨阳工贸集团有限公司,刘善江,一种多功能水性UV清漆及其制备与使用方法,河北省保定市徐水县晨阳大街1号,072550
CN201511008406.5,20151225,CN105434138B,20170707,A61G13/12;A61F5/37;A61M16/04;,李克泉,李克泉,一种儿科临床用支气管托装置,山东省胶州市徐州路29号,266300
CN201511010070.6,20151229,CN105434103B,20170707,A61F9/00;A61F9/007;,北京大学人民医院,吴慧娟,一种微型青光眼引流植入装置及系统,北京市西城区西直门南大街11号,100044
CN201511010560.6,20151230,CN105478410B,20170707,B08B3/10;B08B3/14;B03B5/28;,郑州运达造纸设备有限公司,许超峰,一种液体逆流漂洗设备,河南省郑州市新郑市薛店镇世纪大道东侧,451162
CN201511011168.3,20151230,CN105622132B,20170707,C04B38/00;C04B28/00;C04B18/16;C04B24/42;,中城投集团第八工程局有限公司,郑宝荣,一种海绵城市环保再生骨料透水混凝土及其制备方法,福建省厦门市集美区杏林南路33号一楼122室,361022
CN201511011666.8,20151230,CN105460928B,20170707,C01B32/215;,株洲弗拉德科技有限公司,言伟雄,一种颗粒状石墨连续高温热处理生产线,湖南省株洲市天元区天台工业园一区,412000
CN201511013008.2,20151231,CN105465142B,20170707,F16B37/06;F16B39/284;,贵州精立航太科技有限公司,林燚,一种高温合金镶嵌式自锁螺母组件及其加工方法,贵州省遵义市新蒲新区羊叉路221幢,563000
CN201511013700.5,20151231,CN105458128B,20170707,B21F11/00;,南通永大管业股份有限公司,朱世忠,省力型钢丝钳具,江苏省南通市海安县海安镇开元大道111号,226600
CN201511014337.9,20151231,CN105460765B,20170707,B66C1/12;,遵义伟明铝业有限公司,何显平,一种铝棒转运吊架,贵州省遵义市桐梓县燎原镇,563200
CN201511014338.3,20151231,CN105584929B,20170707,B66C1/12;,遵义伟明铝业有限公司,何显平,一种铝棒转运装置,贵州省遵义市桐梓县燎原镇,563200
CN201511014340.0,20151231,CN105463213B,20170707,C22B21/06;,遵义伟明铝业有限公司,何显平,一种铝液脱氢装置,贵州省遵义市桐梓县燎原镇,563200
CN201511014668.2,20151231,CN105623711B,20170707,C10G25/00;B01J20/10;B01J20/30;B01J20/28;,浙江工业大学,陈晶,一种以SiO<base:Sub>2</base:Sub>‑NiO复合气凝胶为吸附剂脱除汽油中噻吩类硫的新方法,浙江省杭州市下城区潮王路18号浙江工业大学,310014
CN201511016356.5,20151229,CN105498864B,20170707,B01L1/00;B01L7/00;,嘉兴市欣欣仪器设备有限公司,徐志华,一种恒温恒湿培养箱,浙江省嘉兴市南湖区凤桥镇工业园区,314000
CN201511016550.3,20151229,CN105507939B,20170707,E21F7/00;E21B7/28;E21B7/18;E21B33/13;,中国矿业大学,林柏泉,一种注浆置换式钻孔固化密封及瓦斯无管抽采的方法,江苏省徐州市大学路1号中国矿业大学科研院,221116
CN201511018489.6,20151230,CN105420438B,20170707,C21C1/08;,广西玉柴机器股份有限公司,梁新国,蠕化处理器,广西壮族自治区玉林市天桥西路88号,537005
CN201511021394.X,20151231,CN105484451B,20170707,E04D13/15;E04D13/152;E04D13/17;,森特士兴集团股份有限公司,颜坚,一种储物柜封檐屋面,北京市大兴区经济技术开发区BDA国际企业大道20号,100176
CN201511021447.8,20151231,CN105427909B,20170707,G21C19/32;G21C19/02;G21C19/12;,清华大学,王金华,一种核电站乏燃料负压卸料系统,北京市海淀区清华园北京-82信箱,100084
CN201511023427.4,20151230,CN105482845B,20170707,C10G7/04;,宁波检验检疫科学技术研究院,上海出入境检验检疫局工业品与原材料检测技术中心,一种原油和石油产品的脱水装置,浙江省宁波市海曙区马园路9号,315012
CN201511024697.7,20151230,CN105503595B,20170707,C07C67/343;C07C67/317;C07C69/606;,上海北卡医药技术有限公司,杨世琼,一种R型2‑甲基‑己‑4‑炔酸甲酯的制备方法,上海市松江区漕河泾开发区新经济园民益路201号12幢第4层B区（401）,201612
CN201511025640.9,20151230,CN105607430B,20170707,G03F7/20;,深圳市鑫富宝科技有限公司,陈宁,软板自动曝光机,广东省深圳市宝安区福永街道桥头天福路段红牌科技园第2幢C区第三层,518000
CN201511025895.5,20151230,CN105414923B,20170707,B23P19/00;,中机国际工程设计研究院有限责任公司,王建波,电机转子卧式铜条插装楔紧机,湖南省长沙市韶山中路18号,410021
CN201511026206.2,20151230,CN105565178B,20170707,B66C23/16;B66C23/04;,华北冶建工程建设有限公司,中国华冶科工集团有限公司,电梯井物料提升装置,河北省邯郸市丛台区光明北大街12号,056002
CN201511026742.2,20151231,CN105463803B,20170707,D06F58/00;D06F58/26;D06F58/20;,无锡烯旺新材料科技有限公司,冯冠平,石墨烯干衣器,江苏省无锡市行知路35号慧谷创业园55栋F605,214174
CN201511029088.0,20151231,CN105590659B,20170707,G21D1/02;,清华大学,王金华,一种核电站干式贮存乏燃料的余热排出通风系统,北京市海淀区清华园北京-82信箱,100084
CN201511030145.7,20151231,CN105667097B,20170707,B41J3/407;B41J29/46;,浙江曙光体育用品有限公司,陈伟立,一种乒乓球标记印制机,浙江省湖州市安吉县天子湖工业园区,313310
CN201511030330.6,20151231,CN105459625B,20170707,B41J3/407;B41J11/00;B41J29/46;,浙江曙光体育用品有限公司,陈伟立,一种自动乒乓球标记打印机,浙江省湖州市安吉县天子湖工业园区,313310
CN201511031902.2,20151230,CN105672126B,20170707,E01D19/06;,广船国际有限公司,杨茨祥,一种桥梁伸缩缝结构,广东省广州市南沙区珠江管理区西路68号首层,511462
CN201511034842.X,20151231,CN105568498B,20170707,D03D15/00;D03D1/00;D03D21/00;E01C13/08;,广州傲胜人造草股份有限公司,朱江峰,一种人造草坪及其制备方法,广东省广州市广州经济开发区东区骏达路19号,510000
CN201610000809.3,20160104,CN105432199B,20170707,A01C11/02;,湖南农业大学,吴明亮,一种移栽机自动取送苗系统,湖南省长沙市芙蓉区东湖湖南农业大学,410128
CN201610000889.2,20160104,CN105406404B,20170707,H02G1/02;,刘国锋,刘国锋,一种多功能电力检修施工辅助工具,山东省德州市武城县城区振华东街50号内1号楼3单元301号,253300
CN201610002686.7,20160106,CN105442739B,20170707,E04B9/18;,浙江解放装饰工程有限公司,杨海波,一种易拆装吊顶,浙江省湖州市德清县武康镇丰庆街611号,313000
CN201610005117.8,20160106,CN105605969B,20170707,F41B6/00;,哈尔滨理工大学,王立坤,高速螺旋式电磁发射装置,黑龙江省哈尔滨市南岗区学府路52号哈尔滨理工大学西区新主楼G0307,150080
CN201610007068.1,20160107,CN105479716B,20170707,B29C47/20;,长园电子（东莞）有限公司,长园电子（集团）有限公司,一种热收缩双壁套管免调挤出模具,广东省东莞市大朗镇富民工业二园宝陂工业区,523000
CN201610008371.3,20160105,CN105436319B,20170707,B21D37/10;B21D19/02;,宁波路润冷却器制造有限公司,邹文宇,机油冷却器芯片包边模具,浙江省宁波市鄞州区鄞江镇澄浪潭路555号,315151
CN201610008505.1,20160106,CN105463999B,20170707,E01D21/00;,秦皇岛天业通联重工科技有限公司,邢立成,一种节段拼装架桥机及曲线架桥方法,河北省秦皇岛市经济技术开发区天山北路3号,066004
CN201610009835.2,20160108,CN105478681B,20170707,B22C9/22;B22C9/20;B22C9/02;,宁夏维尔铸造有限责任公司,王小宁,行星架铸造模具及铸造方法,宁夏回族自治区石嘴山市大武口工业园区,753001
CN201610009955.2,20160108,CN105539800B,20170707,B63H21/02;B63B17/00;,金陵科技学院,杨建林,一种基于空气热机原理的太阳能船,江苏省南京市江宁区弘景大道99号,210000
CN201610010157.1,20160107,CN105640962B,20170707,A61K31/519;A61P15/16;G01N33/15;,国家卫生计生委科学技术研究所,王慧萍,一种蛋白抑制剂在抗生育中的应用,北京市海淀区大慧寺路12号,100081
CN201610011078.2,20160110,CN105638436B,20170707,A01H1/02;A01G17/00;A01C1/02;,江苏省中国科学院植物研究所,不公告发明人,一种红豆杉的杂交育种方法,江苏省南京市溧水县白马镇国家农业科技园植物所基地,211225
CN201610014546.1,20160111,CN105460817B,20170707,B66D1/00;B66D1/28;,邯钢集团邯宝钢铁有限公司,贾广如,一种钢丝绳收卷装置,河北省邯郸市复兴路232号,056015
CN201610014629.0,20160111,CN105668512B,20170707,B81C3/00;B82Y30/00;B82Y40/00;,江苏师范大学,赵波,一种装配纳米电子器件的方法,江苏省徐州市铜山区上海路101号,221000
CN201610015195.6,20160108,CN105423780B,20170707,F28D7/16;F28G9/00;F28G15/00;,乐清市风杰电子科技有限公司,陈永林,一种化工用快速换热快速清洗装置,浙江省乐清市柳市镇西仁宕村,325600
CN201610015290.6,20160111,CN105676184B,20170707,G01S7/02;G01S7/40;,北京环境特性研究所,王焕青,一种用于RCS测量时异地定标用的低散射金属支架系统,北京市海淀区永定路50号,100854
CN201610015762.8,20160107,CN105501635B,20170707,B65D25/10;B65D81/02;B65D85/30;,安庆市兴龙印业有限责任公司,方方,一种易碎品防护式安全包装盒,安徽省安庆市长江大桥经济开发区经九路以东、纬六路以南,246001
CN201610017082.X,20160112,CN105525951B,20170707,F01D15/00;F01D15/12;F01D25/24;,蒋家生,蒋家生,一种利用气流转换成动力能源的装置,四川省达州市开江县普安镇青堆子村8组,636250
CN201610018374.5,20160112,CN105560016B,20170707,A61H3/00;,赵贵娟,李婷,卡扣式助力器,山东省济宁市邹城市峄山北路629号4号楼1单元402室,273500
CN201610018924.3,20160113,CN105540034B,20170707,B65D55/02;B65B53/02;B65B61/26;,兰州玖码电子科技有限公司,朱良才,一种热收缩薄膜套管及在瓶、罐套管封盖层打标的方法,甘肃省兰州市七里河区吴家园西街11—201,730050
CN201610021597.7,20160114,CN105507803B,20170707,E06C5/06;,国网山东省电力公司龙口市供电公司,牛聪文,一种多功能电力检修梯,山东省烟台市龙口市通海路28号,265700
CN201610022637.X,20160113,CN105484596B,20170707,E05F15/60;E05F15/71;,浙江佑安高科消防系统有限公司,李忠生,温电双控防火门电动闭门器,浙江省温州市蛟凤北路108号6楼,325000
CN201610024529.6,20160113,CN105668572B,20170707,C01B33/025;,安徽科技学院,汪徐春,一种利用节能环保技术制取高纯硅的方法,安徽省蚌埠市龙子湖区东郊东华路9号,233000
CN201610024824.1,20160114,CN105469935B,20170707,H01F27/00;H01F27/32;H01B17/42;,天威保变（合肥）变压器有限公司,霍建坤,变压器套管油中均压球的防护绝缘筒,安徽省合肥市庐阳产业园内,230000
CN201610026997.7,20160115,CN105505266B,20170707,C09J153/02;C09J123/06;C09J123/12;C09J125/06;C09J123/22;C09J177/02;C09J11/06;,上海嘉好胶粘制品有限公司,戈晶晶,一种输液贴胶及其制备方法,上海市嘉定区浏翔公路3077号,201801
CN201610028202.6,20150426,CN105433489B,20170707,A41H43/04;,周盈裕,翁加勇,一种防水服装防水加工设备,浙江省温州市瑞安市上望街道横塘头村建康北路11号,325200
CN201610028740.5,20160118,CN105642767B,20170707,B21D39/00;B21D43/10;B21D43/00;,东莞市铭华机电设备有限公司,章卫明,一种Tape‑c数据线外壳自动铆接机,广东省东莞市长安镇新安新横一路126号,523000
CN201610029383.4,20160118,CN105483849B,20170707,D01F2/08;D01F2/02;D01F2/06;,恒天海龙（潍坊）新材料有限责任公司,马君志,一种光触媒再生纤维素纤维的制备方法,山东省潍坊市寒亭区海龙路1825号89号楼,261100
CN201610029810.9,20160118,CN105538773B,20170707,B30B11/26;B30B15/00;,博海威玛（烟台）机械有限公司,刘丽阁,一种带自适应锁紧机构的挤压机,山东省烟台市经济技术开发区珠江路32号2号厂房2F3,264006
CN201610030159.7,20160118,CN105624412B,20170707,C22B7/02;C22B15/00;C22B13/00;C22B19/30;C22B30/06;C22B30/04;C01G28/00;,中南大学,刘伟锋,一种铜烟灰冶选联合处理的方法,湖南省长沙市岳麓区麓山南路932号,410083
CN201610030162.9,20160118,CN105567984B,20170707,C22B7/02;,中南大学,刘伟锋,一种铜烟灰控电位选择分离的方法,湖南省长沙市岳麓区麓山南路932号,410083
CN102016000030852,20160118,CN105648258B,20170707,C22C1/10;C22C1/03;C22C1/05;,浙江师范大学,斯剑霄,熔体旋甩结合感应热压制备碲化铅合金热电材料的方法,浙江省金华市迎宾大道688号,321004
CN102016000031017,20160119,CN105536237B,20170707,A63C17/02;A63C17/26;A63C17/14;,李永波,李永波,人体自重助行鞋,云南省红河哈尼族彝族自治州蒙自市阳光小苑7幢,661100
CN102016000033006,20160119,CN105476737B,20170707,A61F5/01;A61F7/10;,李婷,李婷,一种颈部矫正装置,山东省邹城市千泉路68号5号楼2单元501室,273500
CN102016000033604,20160119,CN105464981B,20170707,F04C23/02;F04C18/344;F04C29/12;F04C29/06;,浙江万安泵业有限公司,阮小江,一种双作用真空泵,浙江省绍兴市诸暨市店口镇万安科技园区浙江万安泵业有限公司,311835
CN102016000033821,20160119,CN105503007B,20170707,C04B24/16;C04B22/14;,温岭市创嘉信息科技有限公司,郭嘉川,一种基于磷石膏的水泥缓凝剂,浙江省台州市温岭市泽国镇泽楚路889号温岭汽贸商务城9幢二单元708室,317523
CN102016000034847,20160120,CN105539186B,20170707,B60L11/18;H02J50/10;H02J50/90;,厦门新页科技有限公司,杨瑞聪,一种汽车无线充电对准匹配系统及方法,福建省厦门市思明区软件园二期观日路36号101,361008
CN102016000035738,20160119,CN105487736B,20170707,G06F3/044;G06F3/046;,深圳市华鼎星科技有限公司,奚邦籽,金属网双触控感应器、触控模组及触控电子装置,广东省深圳市龙华大浪宁路恒昌荣（星辉）工业区E栋6楼,518000
CN102016000036393,20160120,CN105509062B,20170707,F23G5/027;F23G5/04;F23G5/46;F23G7/00;F23J15/06;F23J15/04;F23J15/02;,南京工业大学,尤飞,全尺度电子电器废弃物连续热解焚烧装置,江苏省南京市中山北路200号,210009
CN102016000037709,20160120,CN105524317B,20170707,C08L9/06;C08L7/00;C08L91/00;C08L91/06;C08K13/06;C08K9/02;C08K3/22;C08K3/34;A43B13/04;,苏州市景荣科技有限公司,黄超,一种抗折阻燃SBR复合鞋底材料及其制备方法,江苏省苏州市高新区支英街路88号,215000
CN102016000037819,20160120,CN105679858B,20170707,H01L31/0296;H01L31/032;H01L31/0352;H01L31/0725;H01L31/18;,苏州大学,马万里,一种基于纳米晶复合中心的叠层太阳能电池及其制备方法,江苏省苏州市苏州工业园区仁爱路199号,215123
CN102016000039718,20160121,CN105602350B,20170707,C09D101/02;C09D197/02;C09D7/12;C09D5/00;E04F13/02;,莆田市蔓贝尔环保产品有限公司,陈小华,植物纤维混纺墙衣及其制备方法,福建省莆田市涵江区国欢镇新涵街2222号博进商务中心7楼,351111
CN102016000040571,20160121,CN105500668B,20170707,B29C47/38;B29C47/10;B26D1/14;,福建海源自动化机械股份有限公司,王琳,纤维切断装置与纤维增强复合材料混合设备,福建省福州市闽侯荆溪铁岭北路2号,350101
CN102016000041639,20160121,CN105607478B,20170707,G05B13/04;,北京理工大学,刘莉,地球静止轨道航天器电推进转移轨道控制方法,北京市海淀区中关村南大街5号,100081
CN102016000044197,20160118,CN105696148B,20170707,D03D13/00;D03D15/00;,浙江理工大学,张爱丹,一种三组纬组合非遮盖织物组织结构设计方法,浙江省杭州市下沙高教园区浙江理工大学,310018
CN102016000044795,20160122,CN105537811B,20170707,B23K37/00;,中建钢构有限公司,吴洪涛,异形多腔体巨型柱焊接变形控制方法,广东省深圳市福田区车公庙水松大厦17层,518040
CN102016000045412,20160122,CN105514869B,20170707,H02G1/02;,国家电网公司,国网陕西省电力公司咸阳供电公司,一种校正输电线路防振锤位移的复位机,北京市西城区西长安街86号,100031
CN102016000047987,20160125,CN105487569B,20170707,G05D23/19;,广州北辰机电设备有限公司,周一夫,一种基于声波测温的温控系统,广东省广州市黄埔区埔南路16号A2房,0
CN102016000048108,20160125,CN105501144B,20170707,B60R13/10;,江苏保平信息科技有限公司,陈兴生,机动车电子牌照,江苏省苏州市常熟市虞山林场三峰管理区,215500
CN102016000050170,20160126,CN105522714B,20170707,B29C49/04;B29C49/42;,亚普汽车部件股份有限公司,孙岩,一种筒状型坯塑料箱的成型机构及成型方法,江苏省扬州市经济技术开发区扬子江南路508号,225009
CN102016000050606,20160126,CN105715407B,20170707,F02G5/04;F02M26/13;,浙江银轮机械股份有限公司,董军启,一种基于有机朗肯循环原理的车辆发动机废热回收系统,浙江省台州市天台县福溪街道交通运输机械工业园区,317200
CN102016000052076,20160126,CN105652564B,20170707,G03B21/00;G03B21/14;H04N9/31;G03B21/20;G03B21/604;,京东方科技集团股份有限公司,王英涛,显示系统及显示方法,北京市朝阳区酒仙桥路10号,100015
CN102016000052478,20160126,CN105444161B,20170707,F23C10/10;F23C10/18;F23C10/20;,哈尔滨红光锅炉总厂有限责任公司,张福强,环保节能型循环流化床锅炉,黑龙江省哈尔滨市道外区哈东路313号,150050
CN201610053190.2,20160126,CN105504162B,20170707,C08F222/14;C08F226/06;C08J9/28;C08J9/26;C08K5/098;B01J20/26;B01J20/30;B01D15/08;C07J63/00;,天津医科大学,刘照胜,金属离子为桥接剂的18β‑甘草次酸分子印迹聚合物和整体柱,天津市和平区气象台路22号天津医科大学药学院,300070
CN201610054466.9,20160126,CN105845274B,20170707,H01B13/00;,浙江欣昌线缆有限公司,龙祖玉,铝镁合金线缆生产工艺,浙江省丽水市青田县腊口镇石塔工业区,323900
CN201610056981.0,20130517,CN105525433B,20170707,D04B35/10;,中山龙族自动化科技有限公司,姜亚东,带防止误报警装置的全自动电脑横机,广东省中山市西区金昌工业路39号厂区1号厂房第二层之一,528401
CN201610056992.9,20160128,CN105506426B,20170707,C22C23/06;C22F1/06;,北京工业大学,刘轲,一种多纳米相复合增强镁合金及其制备方法,北京市朝阳区平乐园100号,100124
CN201610058903.4,20160128,CN105689731B,20170707,B22F9/22;H01F1/147;B82Y25/00;B82Y40/00;,湖北大学,顾豪爽,一种Fe<base:Sub>3</base:Sub>Si磁性纳米颗粒粉体的低温制备方法,湖北省武汉市武昌区友谊大道368号,430062
CN201610060312.0,20160128,CN105602577B,20170707,C09K19/44;G02F1/1333;,石家庄诚志永华显示材料有限公司,王明霞,正介电各向异性液晶组合物及其液晶显示元件或液晶显示器,河北省石家庄市新石北路362号,050091
CN201610061902.5,20160129,CN105536679B,20170707,B01J19/26;B01J4/00;C07C67/08;C07C69/82;,扬州惠通化工科技股份有限公司,景辽宁,一种酯化反应系统,江苏省扬州市经济技术开发区望江路301号,225009
CN201610064317.0,20160129,CN105482014B,20170707,C08F120/14;C08F2/52;C08F2/01;B01J19/08;B01J13/14;,河北科技大学,王明珠,一种PMMA基偶氮光敏微球的制备方法及其反应设备,河北省石家庄市裕华东路70号河北科技大学,050018
CN201610064509.1,20160129,CN105559578B,20170707,A47J27/18;A47J36/00;A47J43/28;,嘉兴志盛厨具制造有限公司,谢忠旗,一种漏勺高度可调的麻辣烫台,浙江省嘉兴市平湖市当湖街道和合路8号,314200
CN201610064742.X,20160129,CN105521649B,20170707,B01D35/147;F16K11/10;F16K1/36;F16K1/50;F16K21/04;F16K31/44;B01D35/153;B01D35/30;,天津亿泰基自动化技术有限公司,李志毅,自封闭防滴漏水处理容器,天津市津南区津南经济开发区（西区）香港街3号1号楼409-49室,300384
CN201610065563.8,20160129,CN105470868B,20170707,H02G1/04;,国网山东省电力公司济阳县供电公司,武疆,电力线路施工拉线用卡线器,山东省济南市济阳县纬二路47号,251400
CN201610067445.0,20160129,CN105459100B,20170707,B25J9/04;B25J9/10;,成都硅特自动化设备有限公司,何懋,用于真空浸渗的旋转机器手,四川省成都市高新区新园大道16号4栋1楼1号,610000
CN201610067502.5,20160201,CN105545900B,20170707,F16B13/06;B25B27/02;,黄仕,黄仕,一种膨胀固定销的拆卸工具,浙江省温州市瑞安陶山镇岱西村,325200
CN201610068306.X,20160201,CN105732419B,20170707,C07C249/02;C07C251/24;C07D317/58;C07D213/53;C07D307/52;,苏州大学,李红喜,一种在无配体三氯化钌催化下制备亚胺的无溶剂合成方法,江苏省苏州市苏州工业园区仁爱路199号,215123
CN201610069870.3,20160129,CN105623812B,20170707,C10M169/04;C10N30/04;C10N30/06;C10N30/16;C10N30/12;C10N40/22;,广州工大科技有限公司,潘传艺,醇基中走丝电火花线切割加工液及其制备方法,广东省广州市广州高新技术产业开发区科学城科丰路31号华南新材料创新园G5栋307号,510000
CN201610071007.1,20140506,CN105651045B,20170707,F27B9/10;F27B9/30;F27B9/40;,高燕妮,陈仕红,一种利用热风循环进行加热的可移动高温隧道炉,浙江省乐清市柳市镇东村,325604
CN201610071221.7,20140506,CN105651046B,20170707,F27B9/10;F27B9/30;F27B9/40;,李建勋,胡妍,可移动高温隧道炉,浙江省乐清市虹桥镇育红路14号,325600
CN201610072226.1,20160202,CN105467046B,20170707,G01N30/06;,中国水产科学研究院长江水产研究所,刘永涛,一种团头鲂组织中氯硝柳胺残留标准物质的制备方法,湖北省武汉市东湖高新区武大园一路8号,430223
CN201610072234.6,20160202,CN105628879B,20170707,G01N33/00;,天津复印技术研究所,机械工业办公自动化设备检验所,气味嗅觉测试标准箱及其气味测试方法,天津市红桥区昌图道7号,300000
CN201610072726.5,20160129,CN105736175B,20170707,F02G1/044;,江苏铭格锻压设备有限公司,冯小亮,一种水平飞轮斯特林发动机,江苏省南通市海安县李堡镇工业集中区（红旗村）,226000
CN201610073109.7,20160202,CN105525124B,20170707,C22C1/10;C22C1/04;C22C9/00;B22F3/14;B22F9/24;,天津大学,赵乃勤,原位合成三维石墨烯增强铜基复合材料制备方法,天津市南开区卫津路92号,300072
CN201610073997.2,20160201,CN105583348B,20170707,B21J13/02;B21J3/00;,浙江德福精密驱动制造有限公司,袁平,精密锻造模具的自动冷却润滑系统,浙江省嘉兴市平湖市平湖经济开发区新兴二路1001号1号厂房北侧,314200
CN201610075970.7,20160203,CN105620679B,20170707,B63B35/58;,上海海洋大学,李俊,一种浮式消波筏间连接的辅助构件,上海市浦东新区沪城环路999号,201306
CN201610076436.8,20160203,CN105513673B,20170707,H01B1/22;H01B13/00;,郑州职业技术学院,刘志远,一种导电粒子及其制备方法,河南省郑州市中原区,450000
CN201610077168.1,20160203,CN105884768B,20170707,C07D471/04;C07D471/10;C07D471/20;,陕西科技大学,张金,一种1‑取代‑β‑咔啉‑3‑羧酸酯的制备方法,陕西省西安市未央区大学园1号,710021
CN201610078200.8,20160203,CN105495949B,20170707,A45C5/04;A45C13/28;,上海顶新箱包有限公司,王向军,一种箱包把手,上海市金山区朱泾镇亭枫公路3168号,201500
CN201610079326.7,20160204,CN105566949B,20170707,C09B67/30;,浙江长征化工有限公司,金永辉,一种硫化染料溶液的环保制备方法,浙江省绍兴市上虞杭州湾上虞工业园区纬五路5号,312369
CN201610081841.9,20160205,CN105726290B,20170707,A61H33/00;A61H9/00;,新乡医学院,张光辉,一种家用智能足部理疗保健装置,河南省新乡市红旗区金穗大道601号,453003
CN201610085687.2,20150129,CN105672666B,20170707,E04G21/14;,湖南城市学院,刘君,一种实木地板安装方法,湖南省益阳市迎宾东路518号,413000
CN201610086441.7,20160215,CN105652024B,20170707,G01N35/00;G01N21/88;G01N21/84;G01B11/00;,无锡速博威迅科技有限公司,吕宏飞,一种衬垫产品的自动化检测设备,江苏省无锡市新区菱湖大道97号传感网大学科技园530大厦B505室,214135
CN201610087863.6,20160203,CN105538374B,20170707,B26D1/15;B26D3/16;B26D7/18;,李春刚,李春刚,一种裁布机用砂带自动精细分切机,浙江省东阳市虎鹿镇虎峰村石孔塘174号,322100
CN201610089776.4,20160217,CN105717301B,20170707,G01N33/68;G01N33/532;,南京农业大学,万贵钧,一种采用双重免疫标记监测昆虫迁飞规律的方法,江苏省南京市溧水区白马镇国家农业科技园南京农业大学基地,211225
CN201610092067.1,20160219,CN105522530B,20170707,B25B27/00;B25B11/00;,广西玉柴机器股份有限公司,陈尚波,排气管上零部件的辅助安装装置,广西壮族自治区玉林市天桥西路88号,537005
CN201610092193.7,20160219,CN105522506B,20170707,B25B11/02;,广西玉柴机器股份有限公司,陈尚波,节温器的零部件的辅助安装装置,广西壮族自治区玉林市天桥西路88号,537005
CN201610093688.1,20160219,CN105525790B,20170707,E05B17/18;,江苏保平信息科技有限公司,陈兴生,门锁芯防护装置,江苏省苏州市常熟市虞山林场三峰管理区,215500
CN201610095947.4,20160222,CN105585798B,20170707,C08L27/06;C08K13/02;C08K5/098;C08K3/22;C08K5/07;,盐城科迈特新材料有限公司,蒋丽,废聚酯制备的PVC线缆专用环保热稳定剂及其制备方法,江苏省盐城市东台市头灶镇高新技术园区纬四路1号,224247
CN201610097399.9,20160222,CN105615094B,20170707,A41H5/01;H04M1/725;,李强,李强,一种通过APP控制的智能服装人台,广东省茂名市茂南区厂前东路四横巷5号大院51号502房,525000
CN201610099542.8,20160224,CN105696421B,20170707,D21H27/00;,安徽天翔高新特种包装材料集团有限公司,刘汉桥,多重防伪接装纸,安徽省安庆市莲云乡腾云村岳西经济开发区,246699
CN201610101982.2,20160225,CN105776338B,20170707,C01G45/02;C01B21/082;,四川大学,吕弋,介质阻挡放电制备四氧化三锰/氮化碳复合材料,四川省成都市武侯区一环路南一段24号,610064
CN201610103247.5,20160225,CN105742383B,20170707,H01L31/0232;H01L31/18;,南京邮电大学,王永进,悬空p‑n结量子阱器件和光波导单片集成系统及其制备方法,江苏省南京市新模范马路66号,210000
CN201610103784.X,20160225,CN105522570B,20170707,B25J9/00;,北京交通大学,曲海波,一种具有全周运动的快速抓取机器人,北京市海淀区西直门外上园村3号,100044
CN102016000104010,20160225,CN105603826B,20170707,D21H27/08;D21B1/30;D21D1/02;D21F1/48;D01F8/06;D01F8/16;,杭州特种纸业有限公司,吴安波,旁通滤纸及其制备方法,浙江省杭州市富阳区鹿山街道上里工业区,311407
CN102016000105675,20160225,CN105680754B,20170707,H02P21/22;H02P21/18;,清华大学,和阳,一种永磁同步电机的直交轴电流矢量复合控制器,北京市海淀区清华园1号,100084
CN102016000108701,20160229,CN105744674B,20170707,H05B33/08;,湖北工业大学,武明虎,区域联网式太阳能智能补偿路灯系统及其控制方法,湖北省武汉市洪山区南李路28号,430068
CN102016000110219,20160229,CN105551326B,20170707,G09B5/06;,中国石油大学（华东）,张青华,一种英语音标学习装置,山东省青岛市黄岛区长江西路66号中国石油大学（华东）,266580
CN102016000111278,20160229,CN105730007B,20170707,B41J2/01;B41J3/407;B41J25/24;,项炳海,祝泽文,一种平板式两喷头组分步印花数字喷墨印花装置和印花方法,浙江省温州市龙湾区沙城街道永恩路135号,325025
CN102016000113974,20160301,CN105536420B,20170707,B01D50/00;,北京交通大学,潘峰,一种环保型粉尘回收处理装置,北京市海淀区西直门外上园村3号北京交通大学中国产业安全研究中心博士后科研工作站,100044
CN102016000114037,20160301,CN105569193B,20170707,E04B1/58;,华北理工大学,高林,预制装配式型钢混凝土构件连接结构及其施工方法,河北省唐山市路南区新华西道46号,063009
CN102016000116935,20160302,CN105562699B,20170707,B22F9/08;,沈倩友,沈倩友,一种高精度微细金属球体成型机,湖南省株洲市炎陵县中村乡道任村中道任68号,412506
CN102016000117905,20160302,CN105508080B,20170707,F02K1/78;F02K1/80;,清华大学,王向阳,一种基于三维打印的三轴承推力矢量喷管结构形式,北京市海淀区清华园1号,100084
CN102016000118127,20160302,CN105651826B,20170707,G01N27/06;G01N27/26;G01N27/30;A61M1/16;,李建中,李建中,一种铵离子浓度检测系统、方法及应用,北京市海淀区学清路甲38号金马大厦B座1808,100083
CN102016000120700,20160302,CN105591607B,20170707,H02S40/22;H02S40/42;H02S40/44;,河海大学常州校区,罗朋,基于纳米流体与菲涅尔聚光式光伏热装置,江苏省常州市晋陵北路200号河海大学常州校区,213022
CN102016000124580,20160305,CN105807840B,20170707,G05F1/67;,厦门科华恒盛股份有限公司,黄伟平,一种光伏系统最大功率点跟踪方法,福建省厦门市火炬高新区火炬园马垄路457号,361006
CN102016000125955,20160307,CN105561679B,20170707,B01D39/14;B32B15/02;B32B15/14;B32B7/12;B32B37/12;B32B27/02;B32B27/12;,威海丰泰新材料科技股份有限公司,钱国峰,钢塑复合无端过滤网及其制作方法,山东省威海市荣成市石岛区工业园龙雨路,264300
CN102016000125977,20160304,CN105568032B,20170707,C22C1/08;C22C19/03;B22F3/11;B22F3/22;,佛山市海科云筹信息技术有限公司,吴松琪,一种注塑型通孔泡沫金属及其制备方法,广东省佛山市南海区狮山镇南海软件科技园信息大道研发楼B栋413室,528000
CN102016000126059,20160304,CN105784933B,20170707,G01N33/00;,环境保护部华南环境科学研究所,陶俊,气溶胶湿度补偿采样装置,广东省广州市天河区员村西街7号大院,510655
CN102016000126285,20160307,CN105563513B,20170707,B25J15/10;B25J15/12;B25J15/02;,温州市科泓机器人科技有限公司,戴毅,柔性自适应欠驱动机器人手爪,浙江省温州龙湾区高新技术产业开发区创业服务中心科技企业孵化器C幢522、524室,325000
CN102016000127546,20160307,CN105581364B,20170707,A24B3/12;A24B15/24;,云南瑞升烟草技术（集团）有限公司,云南创立生物医药集团股份有限公司,一种用于卷烟烟丝中的虾青素微胶囊的制备方法及应用,云南省昆明市高新开发区海源北路1699号,650106
CN102016000128379,20160307,CN105699624B,20170707,G01N33/24;,中国科学院南京土壤研究所,宋效东,一种基于土壤发生层厚度预测的土壤有机碳储量估算方法,江苏省南京市北京东路71号,210008
CN102016000129433,20160308,CN105562606B,20170707,B22C9/04;B22C13/08;,湖州南丰机械制造有限公司,黄德海,一种用于熔模铸造的新型淋砂机,浙江省湖州市德清县钟管镇干山村乐善西街1号,313200
CN102016000129436,20160308,CN105562607B,20170707,B22C9/04;B22C13/08;,湖州南丰机械制造有限公司,黄德海,一种用于熔模铸造的环形淋砂机,浙江省湖州市德清县钟管镇干山村乐善西街1号,313200
CN102016000129822,20160308,CN105584619B,20170707,B64C1/10;,上海船舶研究设计院,杜鹏飞,一种用于小型LNG运输船的带通风功能的防撞舱壁,上海市徐汇区肇嘉浜路221号,200032
CN102016000132223,20160309,CN105597455B,20170707,B01D46/48;C21B5/06;C21B7/22;,河北钢铁股份有限公司承德分公司,李海军,一种处理高炉煤气布袋除尘器灰仓堵塞的装置及方法,河北省承德市双滦区滦河镇金融广场河北钢铁股份有限公司承德分公司,067102
CN102016000133147,20160309,CN105819486B,20170707,C01F17/00;G01N27/48;,中国科学院高能物理研究所,石伟群,LiCl‑KCl熔盐体系中稀土氧化物辅助溶解的方法,北京市石景山区玉泉路19号乙,100049
CN102016000137203,20160310,CN105566191B,20170707,C07C403/24;,南京工业大学,应汉杰,一种利用超高交联树脂吸附分离叶黄素的方法,江苏省南京市浦口区浦珠南路30号,210000
CN102016000138544,20160311,CN105736500B,20170707,F15B13/02;,重庆华渝重工机电有限公司,吴忠保,两位四通旋转换向阀,重庆市江北区复盛镇正街（政府大楼）2层27间,401133
CN102016000138560,20160311,CN105604146B,20170707,E03C1/302;E03F9/00;,厦门精图信息技术有限公司,田瑜基,一种管道清障装置,福建省厦门市思明区吕岭路1819号精图数码大厦A座8楼,361008
CN102016000138821,20160312,CN105552799B,20170707,H02G3/22;,河南莱源电气有限公司,蔡尚烨,一种带均压装置的穿墙套管,河南省许昌市长葛市后河镇后河村（陉山大道中段路南莱源电气）,461500
CN102016000140040,20150212,CN105584940B,20170707,B66C23/62;F16H25/20;H02K7/06;,合肥工业大学（马鞍山）高新技术研究院,王勇,一种平衡吊升降螺母的拆卸方法,安徽省马鞍山市太白大道578号,243071
CN102016000140324,20160311,CN105618983B,20170707,B23K37/04;,中车齐齐哈尔车辆有限公司,孟令涛,底架组对夹具,黑龙江省齐齐哈尔市铁锋区厂前一路36号,161002
CN102016000143269,20160314,CN105933858B,20170707,H04W4/02;H04W64/00;,上海剑桥科技股份有限公司,沈卫杰,无线定位装置,上海市闵行区陈行公路2388号8幢501室,201114
CN102016000144212,20160314,CN105804605B,20170707,E06B5/02;E06B7/28;G01D21/02;G01M13/00;,南京赛百联人防科技有限公司,不公告发明人,防护门多维监测运维传感器以及防护门,江苏省南京市浦口区星甸街道育才北路A座1029室,210000
CN102016000145332,20160315,CN105823872B,20170707,G01N33/543;,中国烟草总公司郑州烟草研究院,国家烟草质量监督检验中心,检测抑芽丹的酶联免疫试剂盒及其应用,河南省郑州市高新区枫杨街2号,450001
CN102016000145671,20160315,CN105632849B,20170707,H01H71/24;H01H71/68;,盛润泉,盛润泉,一种塑壳式断路器电动分、合闸机构,湖南省长沙市芙蓉区湘湖路西南明苑14栋304室,410001
CN102016000145926,20160315,CN105643404B,20170707,B24B21/04;B24B41/00;B24B41/06;B24B51/00;B24B47/12;,浙江机电职业技术学院,张炜,一种全自动辅针抛光装置,浙江省杭州市滨江区滨文路528号,310053
CN102016000146114,20160315,CN105832527B,20170707,A61H39/02;,宁德师范学院,张廷政,一种穴位定位方法,福建省宁德市东侨经济开发区学院路1号,352101
CN102016000150674,20160316,CN105647568B,20170707,C10G11/02;,新奥科技发展有限公司,祖静茹,一种重质焦油与细粉的处理方法,河北省廊坊市经济技术开发区华祥路新奥科技园南区B座522室,065001
CN102016000153559,20160317,CN105753249B,20170707,C02F9/14;C02F103/16;,珠海市鸿域注塑有限公司,孙炳文,一种去除电镀废水中铅的处理系统,广东省珠海市斗门区白蕉科技工业园虹桥一路21号(厂房),519000
CN102016000153802,20160317,CN105618867B,20170707,B23F23/00;B23Q11/00;B23Q11/08;B23Q11/12;,上海金兆节能科技有限公司,吴启东,齿轮机床微量润滑滚切加工防护系统,上海市普陀区金沙江路1006号第2幢414室,200062
CN102016000153922,20160317,CN105772528B,20170707,B21C25/02;B21C25/10;B21C23/20;,山东大学,江苏威鹰机械有限公司,提高非轴对称杯形件端面平齐度的反挤压凸模设计方法,山东省济南市历城区山大南路27号,250199
CN102016000156567,20160318,CN105673132B,20170707,F01M11/06;F02F7/00;F02F1/24;F01M11/00;,浙江亚特电器有限公司,李志军,一种四冲程发动机定量单向油气润滑系统及方法,浙江省嘉兴市南湖区余新镇工业功能区北区水达路1号,314100
CN102016000157883,20160321,CN105732439B,20170707,C07C303/02;C07C309/14;B01J31/02;C07C407/00;C07C409/18;C07C409/16;C07C409/34;,闽江学院,李心忠,一种多磺酸基酸性功能化离子液体及其制备方法,福建省福州市闽侯县上街镇文贤路1号,350108
CN102016000158704,20160318,CN105803271B,20170707,C22C21/02;C22C32/00;B22F9/04;B22F1/00;B22F3/105;B33Y10/00;B33Y70/00;,南京航空航天大学,顾冬冬,一种基于SLM成形的铝基纳米复合材料及其制备方法,江苏省南京市秦淮区御道街29号,210016
CN102016000159195,20160318,CN105618809B,20170707,B23B41/00;B23B39/14;B23Q1/25;,南京信息职业技术学院,单以才,一种用于飞机翼身对接的龙门式数控制孔系统,江苏省南京市仙林大学城文澜路99号,210046
CN102016000161292,20160321,CN105644755B,20170707,B63H21/17;,宁波市北仑海伯精密机械制造有限公司,石林,船只电动推进器效率动态调整方法,浙江省宁波市北仑区嵩山路1299号,315800
CN102016000162520,20160322,CN105560064B,20170707,A61J3/07;,浙江睿码科技有限公司,诸美君,一种采用热凝胶性能材料硬空心胶囊的制造生产线,浙江省绍兴市新昌县七星街道五峰路19号4幢,312500
CN102016000164550,20160322,CN105680356B,20170707,H02B3/00;,国网山东省电力公司章丘市供电公司,国家电网公司,组合式二次安全措施工具,山东省济南市章丘市新政务区政富街603号,250200
CN102016000165221,20160318,CN105648368B,20170707,C22F1/04;,东北大学,梅瑞斌,一种防止铝型材在线淬火变形的装置,辽宁省沈阳市文化路3号巷11号,0
CN102016000168281,20160323,CN105648925B,20170707,E01D21/06;,中铁一局集团有限公司,静国锋,节段拼装箱梁架设用架桥机,陕西省西安市雁塔路北段1号,710054
CN102016000172992,20160324,CN105881632B,20170707,B26D5/24;,青岛万龙智控科技有限公司,周学环,胶料定长裁断系统及方法,山东省青岛市郑州路3号,266042
CN102016000176720,20160325,CN105768203B,20170707,A24B15/26;A24B3/12;,广东省金叶科技开发有限公司,郭凤文,一种增强内源本香物质烟草颗粒的制备方法,广东省汕头市潮阳区金科路德明工业区,515100
CN102016000176747,20160324,CN105645476B,20170707,C01G49/00;B82Y40/00;,陕西科技大学,王卓,一种微波水热法制备纳米Sr(Fe<base:Sub>0.5</base:Sub>Nb<base:Sub>0.5</base:Sub>)O<base:Sub>3</base:Sub>粉体的方法,陕西省西安市未央区大学园1号,710021
CN102016000177308,20160324,CN105821775B,20170707,E01D21/08;,中交第四公路工程局有限公司,中交四公局第六工程有限公司,利用缆索吊机翻转拱桥拱肋施工方法,北京市朝阳区建国路91号金地中心A座27层,100022
CN102016000177558,20160324,CN105609661B,20170707,H01L51/52;,深圳市华星光电技术有限公司,徐向阳,OLED显示器及显示模组,广东省深圳市光明新区塘明大道9-2号,518006
CN102016000178866,20160324,CN105817327B,20170707,B03C3/41;B03C3/40;,重庆净怡环保科技（集团）有限公司,李云松,一种幕布式电场的产生方法,重庆市渝北区龙溪街道金山路5号加州一号公寓幢11-15,401121
CN102016000179394,20160325,CN105586532B,20170707,C22C38/02;C22C38/04;C22C38/08;C22C38/16;C22C38/14;C22C38/12;C22C38/06;C22C38/18;C21D8/10;C21D1/28;,攀钢集团成都钢钒有限公司,吴红,低合金高强度大口径厚壁无缝钢管及其制造方法,四川省成都市青白江区团结南路,610000
CN102016000180071,20160325,CN105707968B,20170707,A24B3/12;A24B3/14;,广东省金叶科技开发有限公司,胡嘉维,一种烟草香气物质的回收利用方法,广东省汕头市潮阳区金科路德明工业区,515100
CN102016000180229,20160325,CN105735376B,20170707,G01F1/34;,水利部交通运输部国家能源局南京水利科学研究院,高长胜,考虑板土相互作用的排水板通水量测试设备及其测试方法,江苏省南京市广州路223号,210029
CN102016000181637,20160325,CN105609152B,20170707,G21F9/00;,中国工程物理研究院材料研究所,李佩龙,一种用于实现水去氚化的系统及其实现方法,四川省成都市双流银河路596号,610000
CN102016000182296,20160328,CN105619453B,20170707,B25J19/06;,浙江德昱汽车零部件有限公司,楼伟强,碰撞保护装置,浙江省金华市永康市经济开发区东吴路555号一号厂房,321300
CN102016000187203,20160328,CN105762700B,20170707,H02G1/02;H02G1/06;,国网山东省电力公司章丘市供电公司,国家电网公司,电缆放线人工牵引辅助工具,山东省济南市章丘市新政务区政富街603号,250200
CN102016000191239,20160330,CN105624845B,20170707,D01G25/00;D01G31/00;D01G23/02;D04H1/732;,苏州市职业大学,张义平,气流成网机的纤维分梳与输出装置,江苏省苏州市致能大道106号,215104
CN102016000194242,20160331,CN105603283B,20170707,C22C23/04;C22C1/03;C22C1/06;C22F1/06;,哈尔滨理工大学,李彩霞,一种制备及成形高强高韧变形镁合金的方法,黑龙江省哈尔滨市南岗区学府路52号哈尔滨理工大学,150080
CN102016000197094,20160330,CN105643605B,20170707,B25J9/00;B25J15/06;H01F41/02;H01F27/245;,中国科学院沈阳自动化研究所,曹田野,一种变压器铁芯叠片机械手,辽宁省沈阳市沈河区南塔街114号,110016
CN102016000199528,20160331,CN105753025B,20170707,C01F7/02;C01B33/24;,大唐国际发电股份有限公司高铝煤炭资源开发利用研发中心,孙俊民,利用高铝粉煤灰生产氧化铝的方法,内蒙古自治区鄂尔多斯市准格尔旗大路新区大唐研发实验楼,010050
CN102016000199725,20160331,CN105601516B,20170707,C07C69/38;C07C69/675;C07C67/56;C07C67/48;A61P35/00;,河南中医学院,孙彦君,一种从小叶莲中提取分离的半日花烷型二萜类化合物及其制备方法与应用,河南省郑州市金水区金水路1号,450008
CN102016000201868,20160331,CN105671245B,20170707,C21C5/46;,北京首钢建设集团有限公司,刘伯伟,一种利用卷扬机倒装式安装转炉的方法,北京市石景山区苹果园路15号,100041
CN102016000204106,20160404,CN105708627B,20170707,A61G1/013;A61G1/04;,姜泽明,姜泽明,一种折叠式急诊内科用新型担架,山东省青岛市即墨市健民街4号即墨市人民医院医疗设备科,266200
CN102016000208336,20160405,CN105713575B,20170707,C09K3/18;,四川理工学院,张发兴,一种长效时汽车玻璃防雾剂及其制备方法,四川省自贡市汇兴路学苑街180号,643000
CN102016000208346,20160406,CN105734317B,20170707,C22C1/04;C22C1/10;C22C9/00;B22F3/14;F16C17/00;,中南林业科技大学,吴庆定,一种基于速生草的生物质铜碳复合材料及其制备工艺,湖南省长沙市天心区韶山南路498号,410000
CN102016000209893,20160406,CN105884769B,20170707,C07D471/04;,苏州杉洋医药科技有限公司,姚梁锋,一种合成1，10菲罗啉‑2‑胺的方法,江苏省苏州市吴江区黎里镇汾湖大道558号,215000
CN102016000213175,20160407,CN105884510B,20170707,C05G3/00;C05F1/00;,河北省农林科学院遗传生理研究所,王占武,高活性颗粒型生物有机肥及其制备方法和应用,河北省石家庄市和平西路598号,050051
CN102016000215803,20160409,CN105619414B,20170707,B25J9/16;,浙江智昌实业有限公司,甘中学,一种程控机器人系统,浙江省宁波市余姚市经济开发区城东新区,315400
CN102016000218319,20160408,CN105775062B,20170707,B63B39/00;B63G13/00;,袁明喜,袁明喜,一种船舶防倾斜加压装置,广东省汕头市龙湖区黄山路星湖城10栋2103,515041
CN102016000219171,20160408,CN105696238B,20170707,D06C15/02;D06C7/02;A44B19/00;,杨可克,杨可克,一种尼龙拉链整烫定型器,浙江省温州市鹿城区黄龙住宅区康圆小区18幢204室,325007
CN102016000219463,20160408,CN105661632B,20170707,A24C5/39;B65G53/46;B65G53/52;B65G53/66;,浙江中烟工业有限责任公司,吕伟,一种烟丝送丝管的气流稳定系统,浙江省杭州市建国南路288号,310008
CN201610220653.X,20160411,CN105696536B,20170707,E02B15/10;,中国电建集团成都勘测设计研究院有限公司,蒋德成,转矩传动保护装置,四川省成都市青羊区浣花北路一号,610072
CN201610221172.0,20160412,CN106087511B,20170707,D21C9/00;,新乡市蓝海环境工程有限公司,李保军,棉短绒置换箱,河南省新乡市新乡县古固寨产业聚集区玉源路南,453000
CN102016000221303,20160411,CN105726256B,20170707,A61G15/00;A61G15/12;A61G15/10;,丽水市中心医院,李红,一种用于PICC维护的操作椅,浙江省丽水市括苍路289号,323000
CN102016000222223,20160411,CN105648349B,20170707,C22C38/34;C22C38/22;C22C38/24;C22C38/26;C22C38/48;C22C38/46;C22C38/44;C22C33/04;C21D1/18;C21D9/38;B21B27/00;,重庆钢铁（集团）有限责任公司,徐茂钧,一种中厚板热矫直辊的制备方法,重庆市大渡口区大堰三村1栋1号,400080
CN102016000223338,20160412,CN105672208B,20170707,E02B5/02;E02B5/08;,中国电建集团成都勘测设计研究院有限公司,周顺文,用于拦断沟谷修建渣场的排水结构及其施工方法,四川省成都市青羊区浣花北路一号,610072
CN102016000225073,20160412,CN105717564B,20170707,G02B5/04;,三明福特科光电有限公司,吴小春,消偏振五角棱镜及其制作方法,福建省三明市宁化华侨经济开发区城南工业园二期15号地,365499
CN102016000226758,20160413,CN105908553B,20170707,D21C9/16;D21C9/10;D21H11/12;,绍兴文理学院,王维明,一种非棉纤维素漂白方法,浙江省绍兴市越城区环城西路508号,312000
CN102016000227663,20160413,CN105778344B,20170707,C08L27/06;C08K13/02;C08K5/07;C08K3/24;C08K5/3462;C08K5/12;,江南大学,蒋平平,一种通过掺杂乙酰丙酮稀土改性的固体PVC热稳定剂及其应用,江苏省无锡市滨湖区蠡湖大道1800号江南大学化学与材料工程学院,214122
CN102016000227696,20160413,CN105795120B,20170707,A23K10/30;A23K10/35;A23K10/37;A23K10/18;,湖北大学,宋慧婷,使用工程化的解酯耶氏酵母生产高蛋白秸秆饲料的方法,湖北省武汉市武昌区友谊大道368号,430062
CN102016000229415,20160414,CN105696894B,20170707,E05F15/622;E05C17/56;,东阳市甘特电气有限公司,蔡桥洪,汽车后备箱直线式电动尾门撑杆,浙江省金华市东阳市白云街道歌山路北416号,322100
CN102016000229544,20160414,CN105688541B,20170707,B01D46/30;B01D53/02;B05B15/12;,江苏万和涂装机械有限公司,张如权,喷漆房废气处理装置,江苏省盐城市亭湖区新业路266号,224001
CN102016000231039,20160414,CN105689591B,20170707,B21D53/12;B21D28/34;,浙江固耐橡塑科技有限公司,陈仁波,保持架球兜一次冲压成型模具,浙江省湖州市湖州经济技术开发区方家山路99号,313000
CN102016000234014,20160416,CN105720861B,20170707,H02N2/18;,南昌工程学院,唐刚,多方向宽频压电MEMS振动能量采集器及其制备方法,江西省南昌市天祥大道289号,330099
CN102016000236981,20160415,CN105772600B,20170707,B21F1/00;,广东华星建设集团有限公司,姜贵贵,一种建筑用钢筋弯曲装置,广东省东莞市南城区西平绿色路28号南开实验学校学术交流中心第13层1301室,523000
CN102016000245864,20160420,CN105807551B,20170707,G03B42/02;,中国工程物理研究院上海激光等离子体研究所,王琛,一种用于强激光条件下的X射线针孔相机及安装调节方法,上海市嘉定区陈家山路1129号,201899
CN102016000247741,20160420,CN105702309B,20170707,G21F9/00;G21F9/06;,中国工程物理研究院材料研究所,李佩龙,一种用于氚浓集的SPE电解系统及其实现方法,四川省成都市双流银河路596号,610000
CN102016000249454,20160421,CN105887545B,20170707,D21D5/22;D21D5/04;,莆田市凤翔纸品精制有限公司,谢振寰,一种用于纸浆尾渣清理的纸浆除渣设备,福建省莆田市荔城区新度镇港利村,351100
CN102016000249487,20160421,CN105713134B,20170707,C08F220/28;C08F8/00;C08F8/30;C08J3/075;C08K9/04;C08K3/22;,同济大学,袁伟忠,一种基于酰腙键动态可逆自修复的磁场、温度双响应型智能水凝胶的制备方法,上海市杨浦区四平路1239号,200092
CN102016000249716,20160421,CN105714588B,20170707,D21B1/34;D21B1/32;,莆田市凤翔纸品精制有限公司,谢振寰,纸浆生产设备及生产工艺,福建省莆田市荔城区新度镇港利村,351100
CN102016000251147,20120531,CN105854099B,20170707,A61M1/16;,日机装株式会社,冈部晴年,血液净化系统,日本国东京都涉谷区惠比寿四丁目2番3号,0
CN102016000251469,20160421,CN105666498B,20170707,B25J9/16;B62D57/032;,奇弩（北京）科技有限公司,孙天齐,提高六足机器人行走稳定性的步态规划方法,北京市海淀区学院路5号768创意产业园B北2222,100083
CN102016000251877,20110425,CN105931696B,20170707,H01B1/14;H01B1/20;H01B1/22;B82Y30/00;B82Y40/00;,皮瑟莱根特科技有限责任公司,Z·S·高南·威廉姆斯,纳米晶体的合成、盖帽和分散,美国马里兰州,0
CN102016000253589,20160422,CN105843242B,20170707,G05D1/08;G05D1/10;,四方继保（武汉）软件有限公司,刘飞,无人船舰载平台的无人机图像引导降落方法,湖北省武汉市东湖新技术开发区汤逊湖北路33号华工科技园创新基地18栋7层08室,430223
CN102016000253802,20160423,CN105780568B,20170707,D21C5/00;D21C9/10;D21C9/16;,上海锴晨实业有限公司,李树泉,两次生物酶软化脱木素结合机械法制浆工艺,上海市嘉定区真南路4268号2幢J1233室,201800
CN102016000255322,20160422,CN105699578B,20170707,G01N30/88;G01N30/86;,广东东阳光药业有限公司,刘权,一种玻璃酸钠组成糖型指纹图谱分析方法,广东省东莞市松山湖北部工业园工业北路1号,523808
CN102016000256570,20160422,CN105736503B,20170707,F15B13/02;F15B15/20;,济南弋泽展特机械有限公司,阮光明,一种气路阀件,山东省济南市长清区孝里镇工业园1号,250302
CN102016000257710,20160420,CN105725368B,20170707,A43B17/02;A43B17/06;A61H7/00;,何托,骆彩华,一种具有按摩功能的鞋底,浙江省温州市鹿城区仰义街道沿兴路105号,325000
CN102016000258740,20160425,CN105731161B,20170707,B65H33/08;,曾海彬,曾海彬,数控清废机的纸垛推动机构,广东省汕头市金平区护堤路103号之一汕头市伟创力机械有限公司,515041
CN102016000258780,20160425,CN105711264B,20170707,B41J2/175;,杭州旗捷科技有限公司,胡容铭,单向导通电路及供电系统,浙江省杭州市滨江区滨安路1180号1幢4层421室,310012
CN102016000261662,20160425,CN105747455B,20170707,A45C13/00;A45C13/26;,东莞市秦智工业设计有限公司,李爱翠,一种行李箱挂钩装置,广东省东莞市东城区光明大道27号,523000
CN102016000261919,20160425,CN105747456B,20170707,A45C13/00;A45C5/00;,东莞市秦智工业设计有限公司,黄小杏,一种拆卸安装方便的行李箱挂钩装置,广东省东莞市东城区光明大道27号,523000
CN102016000263130,20160426,CN105755651B,20170707,D03D49/60;D03D47/27;,江苏友诚数控科技有限公司,王勇,一种织机的引纬打纬机构,江苏省泰州市泰兴市黄桥镇工业园区胜利东路9号,225400
CN102016000263471,20160422,CN105688556B,20170707,B01D47/06;B01D33/067;B01D33/46;,佛山市顺德区韩帅电器有限公司,喻文武,一种水帘过滤式空气净化机,广东省佛山市顺德区容桂容边天河工业区新有路6号,528300
CN102016000266736,20160426,CN105741907B,20170707,H01B1/22;H01L31/0224;H01B13/00;,江阴市天邦涂料股份有限公司,吴立新,一种无铅的太阳能电池用银浆料,江苏省无锡市江阴市临港新城申港创新村张家垫128号,214400
CN102016000267368,20160427,CN105954449B,20170707,G01N30/78;,中国烟草总公司郑州烟草研究院,秦亚琼,一种烟叶挥发性成分的快速检测方法,河南省郑州市高新区枫杨街2号,450001
CN102016000267800,20160427,CN105699579B,20170707,G01N30/88;G01N30/06;G01N30/02;,中国烟草总公司郑州烟草研究院,金立锋,一种检测鲜烟叶中多种类黄酮代谢组学方法,河南省郑州市高新区枫杨街2号,450001
CN102016000268210,20160427,CN105976612B,20170707,G08G1/01;,东南大学,赵池航,基于鲁棒混合高斯模型的城市交通场景中车辆检测方法,江苏省南京市江宁区东南大学路2号,211189
CN102016000268470,20160427,CN105668420B,20170707,B66C13/16;B66C13/06;B66C15/06;,上海海事大学,彭勃华,一种桥吊吊绳检测装置及其检测方法,上海市浦东新区临港新城海港大道1550号,201306
CN102016000271313,20160428,CN105906590B,20170707,C07D307/62;,湖南尔康制药股份有限公司,帅放文,一种补铁药物的制备方法,湖南省长沙市长沙国家生物产业基地康平路167号湖南尔康制药股份有限公司,410331
CN102016000271343,20160428,CN105907964B,20170707,C22B3/42;C22B3/44;C22B3/40;C22B34/22;C22B59/00;,河南理工大学,李望,一种酸溶液中钒、钪、铁的分离方法,河南省焦作市高新区世纪大道2001号,454003
CN102016000271857,20160427,CN105817760B,20170707,B23K26/14;,桂林电子科技大学,刘清原,一种水导激光加工系统的喷嘴防溅装置,广西壮族自治区桂林市七星区金鸡路1号,541004
CN102016000282355,20160429,CN105806727B,20170707,G01N3/60;G01N29/07;,中国石油大学(北京),李军,岩石在温度变化下的变化特征测量模拟装置,北京市昌平区府学路18号,102249
CN102016000292769,20141223,CN105840036B,20170707,E05F15/673;E02B7/36;,项智锋,项智锋,一种利用单根螺杆实现自动锁定的升降式门板装置的使用方法,河南省新乡市红旗区华兰大道90号,453000
CN102016000293211,20160506,CN105792443B,20170707,H05B33/08;,熊晓丹,熊晓丹,一种LED电源中为驱动IC供电电路,江苏省无锡市新吴区梅村新洲路210号,214112
CN102016000295426,20160506,CN105970724B,20170707,D21H19/14;D21H19/20;D21H19/26;D21H21/16;B41M5/52;,浙江骏马数码科技有限公司,夏建国,转移涂布喷墨打印高光泽印相纸,浙江省嘉兴市桐乡市石门镇工业区,314500
CN102016000295518,20160506,CN105967236B,20170707,C01G39/00;,洛阳理工学院,杨琳琳,一种管状钼酸铅纳米材料的制备方法,河南省洛阳市涧西区九都西路44号,471000
CN102016000297802,20160506,CN105863883B,20170707,F02K9/96;,西北工业大学,刘洋,具有氧化铝液滴收集功能的固体火箭发动机缩比实验装置,陕西省西安市碑林区友谊西路127号,710072
CN102016000299205,20160506,CN105807009B,20170707,G01N33/00;,中科同德（北京）生态科技有限公司,苏晓丹,一种室内空气环境监测设备的进风结构,北京市房山区良乡凯旋大街建设路18号-C1355,102488
CN102016000299354,20160506,CN105720862B,20170707,H02N15/00;,江苏南大五维电子科技有限公司,沈国桃,一种磁悬浮装置,江苏省南京市建邺区嘉陵江东街18号紫金（建邺）科技创业特别社区04栋6楼,210019
CN102016000303867,20160510,CN105790160B,20170707,H02G1/02;,国网福建省电力有限公司泉州供电公司,泉州亿兴电力有限公司,一种活动束紧环提升机构,福建省泉州市刺桐路永宏花苑,362000
CN102016000306979,20160511,CN105885109B,20170707,C08L3/02;C08L5/06;C08K5/1545;C08K5/053;C08K5/092;C08J5/18;B65D65/46;,湖南尔康制药股份有限公司,帅放文,一种可应用于可食性包装领域的淀粉基成膜组合物,湖南省长沙市长沙国家生物产业基地康平路167号湖南尔康制药股份有限公司,410331
CN102016000307030,20160511,CN105803934B,20170707,E01D19/06;,武汉耐久伸缩工程有限公司,刘祖江,低摩阻力三防无螺栓梳形板桥梁伸缩装置及安装方法,湖北省武汉市武昌区黄鹤楼街九龙井小区11栋104,430060
CN102016000307796,20160511,CN105776025B,20170707,B66C13/22;B66C13/40;B66C13/12;B66C13/50;B66C13/48;,上海振华港机(集团)宁波传动机械有限公司,郑安康,一种轮胎式龙门起重机的远程控制系统,浙江省宁波市东钱湖旅游度假区工业园区,315121
CN102016000314563,20160513,CN105863429B,20170707,E05F15/689;,宁波世通汽车零部件有限公司,王景华,钣金一体式车窗升降器,浙江省宁波市骆驼机电工业园区通园北路268号,315202
CN102016000317427,20160512,CN105840255B,20170707,F01K11/02;F03D9/25;F17C5/06;F17C7/00;,西安热工研究院有限公司,华能集团技术创新中心,以燃煤布雷顿循环发电为基荷集成风力发电的发电系统,陕西省西安市碑林区兴庆路136号,710032
CN102016000317476,20160516,CN105790633B,20170707,H02N2/10;,南京航空航天大学,孙志峻,转子轴向预紧力调整方便的超声电机,江苏省南京市秦淮区御道街29号,210016
CN102016000325983,20160517,CN106006693B,20170707,C01F11/02;C01B32/184;B82Y30/00;,西北工业大学,李炫华,一种高稳定性氢氧化钙/石墨烯纳米复合材料及制备方法,陕西省西安市友谊西路127号,710072
CN102016000327929,20160517,CN105946366B,20170707,B41J2/01;B41J3/407;B41J15/04;B41M5/00;,项炳海,周默涵,一种循环数字喷墨印花机与印花方法,浙江省温州市龙湾区沙城街道永恩路135号,325025
CN102016000330240,20160518,CN105994794B,20170707,A23F3/32;,刘先国,刘先国,一种防癌抗癌的保健食品及其制备方法,浙江省宁波市鄞州区南部商务区奥克斯中央大厦1104室,315000
CN102016000338885,20160520,CN106009782B,20170707,C09C1/30;C09C3/10;C01B33/193;,广州市飞雪材料科技有限公司,胡非,一种表面改性二氧化硅粒子的制备方法,广东省广州市高新技术产业开发区科学城科丰路31号华南新材料创新园G5栋618号,510663
CN102016000340530,20160520,CN105957640B,20170707,H01B13/00;H01B12/02;,西北有色金属研究院,郝清滨,一种Bi‑2212超导线/带材的制备方法,陕西省西安市未央路96号,710016
CN102016000343758,20160523,CN105795837B,20170707,A47G19/22;A47G23/02;,钱秀英,董芬芳,一种智能防倒水杯,浙江省乐清市柳市镇西仁宕村,325600
CN102016000344438,20160523,CN106009775B,20170707,C09B67/38;C09B67/36;C09B67/22;D06P1/18;D06P1/16;D06P3/54;,杭州欣阳三友精细化工有限公司,潘行平,一种高日晒色牢度的分散染料组合物、制备方法及其应用,浙江省杭州市萧山区南阳街道阳城路15号,311227
CN102016000348680,20160524,CN105858442B,20170707,B66C1/14;,中国重汽集团大同齿轮有限公司,刘丽,消防车专用变速器吊装装置,山西省大同市云州街99号,037305
CN102016000348716,20160524,CN105755397B,20170707,C22C38/44;C22C38/42;C21D6/00;C21D1/26;C21D1/18;C21D1/56;C21D1/76;,江苏金基特钢有限公司,张斌,一种耐腐蚀易成型特种钢的加工方法,江苏省镇江市句容市宝华镇和平村（汤龙公路旁）,212415
CN102016000348814,20160524,CN105941049B,20170707,A01G17/00;A01C21/00;,中国热带农业科学院香料饮料研究所,孙燕,一种提高咖啡根系活力的栽培方法,海南省万宁市兴隆镇香料饮料研究所,571533
CN102016000349882,20160524,CN105751112B,20170707,B25B11/00;B23Q3/00;,三江学院,康杰,一种抓取棒料夹紧装置,江苏省南京市雨花台区龙西路10号三江学院,210012
CN102016000349937,20160524,CN106038147B,20170707,A61G13/00;A61G13/10;,庄永臻,庄永臻,一种骨科检查床,山东省潍坊市奎文区鸢飞路360号,261041
CN102016000355350,20160526,CN105821333B,20170707,C22C38/18;C22C38/08;C22C38/02;C22C38/04;C22C38/12;C22C38/14;C22C33/06;B22D19/16;C21D1/20;C21D9/38;,湖北金标通用轧辊有限公司,闫玉荣,一种低合金磨辊的制造方法,湖北省襄樊市襄州区钻石大道南（寺湾加油站对面）,441100
CN102016000355448,20160525,CN105931408B,20170707,G08B17/00;,国网湖南省电力公司,国网湖南省电力公司防灾减灾中心,架空输电线路的山火密度的预测方法,湖南省长沙市韶山北路388号,410000
CN102016000362168,20160530,CN105850348B,20170707,A01D37/00;A01D59/02;,河南豪丰农业装备有限公司,刘少林,一种秸秆打捆机,河南省许昌市许昌县张潘镇,461000
CN102016000365736,20160530,CN105835121B,20170707,B26F1/38;B26D7/02;B26D7/06;B26D7/32;B26D7/10;,福建盈浩工艺制品有限公司,周宗佑,包装盒模切机,福建省宁德市福鼎市山前兰田双岳工业集中区E-5号,355200
CN102016000368845,20160530,CN105945430B,20170707,B23K26/348;B23K101/18;,重庆理工大学,罗怡,一种基于微束等离子弧诱导的低功率激光高效焊接方法,重庆市巴南区李家沱红光大道69号,400054
CN102016000369043,20160530,CN105836619B,20170707,B66C9/10;,安徽昌永得机械有限公司,赖永刚,吊重行驶轮式起重机的前车架,安徽省芜湖市经济技术开发区出口加工区,241000
CN102016000369135,20160530,CN105798519B,20170707,B23K37/04;,安徽昌永得机械有限公司,赖永刚,适于吊重行驶轮式起重机后车架配重总成的搭焊工装,安徽省芜湖市经济技术开发区出口加工区,241000
CN102016000374994,20160530,CN105855051B,20170707,B03C3/34;,广东美的制冷设备有限公司,美的集团股份有限公司,静电集尘装置和空气净化器,广东省佛山市顺德区北滘镇美的大道6号美的总部大楼B区26-28楼,528311
CN102016000376483,20160531,CN105870800B,20170707,H02B1/30;H02B1/01;F21V23/04;,国网山东省电力公司龙口市供电公司,吕志勇,一种配电柜,山东省烟台市龙口市通海路28号,265700
CN102016000379623,20160531,CN105855397B,20170707,B21D37/10;B21D43/00;,青岛鑫精诚精密科技有限公司,谢石先,一种钢板冲压成型用模具装置,山东省青岛市胶州市九龙街道办事处李家河村,266300
CN102016000391536,20160606,CN106079896B,20170707,B41J2/01;B41J29/38;,上海银帆信息科技有限公司,邹新春,基于单点定位技术的移动机器人打印系统,上海市浦东新区郭守敬路498号12幢21102-21109室,201203
CN102016000391635,20160606,CN106044574B,20170707,B66C17/10;,山东钢铁股份有限公司,孙吉才,同步更换铸造起重机龙门梁及钢丝绳的方法,山东省莱芜市钢城区友谊大街38号,250100
CN102016000391816,20160606,CN105961377B,20170707,A01N3/00;A01H1/02;,广东省林业科学研究院,张卫华,一种能够提高萌发率及延长花粉活力的红锥花粉收集保存方法,广东省广州市天河区沙河龙洞广汕一路233号,510520
CN102016000394539,20160606,CN106092137B,20170707,G01C25/00;,长安大学,蔡宜长,一种车载三维激光路面检测系统的室外校准设备与方法,陕西省西安市碑林区南二环中段33号,710064
CN102016000394843,20160705,CN105901834B,20170707,A43B17/00;A61K36/77;A61P25/20;,江苏大学,朱雪春,一种改善睡眠鞋垫及其制备方法,江苏省镇江市学府路301号,212013
CN102016000407903,20160612,CN105825967B,20170707,H01B13/06;H01B13/10;,无锡统力电工股份有限公司,陆炳兴,换位导线用U型加强绝缘绕包装置,江苏省无锡市锡山区东港镇勤工路22号,214196
CN102016000408420,20160613,CN106073916B,20170707,A61C8/00;,南宁越洋科技有限公司,王玉元,可控式膨胀型生物活性玻璃陶瓷种植牙的制备方法,广西壮族自治区南宁市科园大道科园大厦502号,530007
CN102016000408532,20160612,CN105927013B,20170707,E04H6/28;E04H6/42;,江苏中泰停车产业有限公司,何于江,一种无梳齿顶部开合转盘升降机及其搬运方法,江苏省南京市建邺区云龙山路88号烽火科技大厦B座11层,210019
CN102016000410939,20160604,CN105810764B,20170707,H01L31/032;H01L31/18;C23C14/24;C23C14/34;,安徽恒致铜铟镓硒技术有限公司,陈良范,一种铜铟镓硒薄膜太阳能电池光电吸收转换层的制备方法,安徽省蚌埠市经济开发区大学科技园孵化器厂房2#楼403室,233000
CN102016000420913,20160614,CN105887268B,20170707,D03C3/20;,常熟纺织机械厂有限公司,彭晓虹,提花机信号采集装置,江苏省苏州市常熟市梅李镇通港路188号,215511
CN102016000422509,20160615,CN105832097B,20170707,A47G19/22;G06K9/00;,无锡市星澜电子有限公司,韦俊,指纹解锁保温杯,江苏省无锡市梁溪区人民中路97号佳福大厦606室,214001
CN102016000439596,20160617,CN106046110B,20170707,C07J71/00;A61P35/00;,浙江工商大学,王奎武,"木栓烷型三萜3,24‑环氧‑2α,24‑二羟基‑29‑木栓烷酸及其制备方法和应用",浙江省杭州市下沙高教园区学正街18号,310018
CN102016000440217,20160616,CN105963227B,20170707,A61K8/98;A61K8/44;A61K8/63;A61K8/67;A61K8/73;A61K8/81;A61K8/92;A61K8/9789;A61Q19/02;B33Y70/00;,广东科玮生物技术股份有限公司,陈松彬,一种3D面膜溶液的制备方法及其应用,广东省广州市保税区保盈大道39号301、401房,510070
CN102016000444427,20160621,CN106145184B,20170707,C01G23/053;B01J21/06;,河南师范大学,张朋玲,一种具有高活性{111}暴露晶面取向的TiO<base:Sub>2</base:Sub>微球的制备方法,河南省新乡市牧野区建设东路46号,453007
CN102016000445200,20160621,CN105910505B,20170707,F41H13/00;,厦门精图信息技术有限公司,田瑜基,一种无污染噪音武器装置,福建省厦门市思明区吕岭路1819号精图数码大厦A座8楼,361008
CN102016000456743,20160622,CN105866443B,20170707,G01N33/76;,北京金华科生物技术有限公司,宋晓峰,一种早孕检测试纸组合装置,北京市大兴区经济技术开发区兴业街2号3幢四层402室,100170
CN102016000457299,20160621,CN106006137B,20170707,B65H19/30;,中色奥博特铜铝业有限公司,孙延波,一种配合纵剪机使用的废边卷的卸卷装置,山东省聊城市临清市东二环路北首,252600
CN102016000464128,20160623,CN106082320B,20170707,C01G23/053;C01B33/40;B01J21/06;,吉林大学,李芳菲,一种伊利石基锐钛矿复合物的水热合成方法,吉林省长春市前进大街2699号,130012
CN102016000470094,20160626,CN105996661B,20170707,A47G19/22;,宁波高新区敦和科技有限公司,郭浣华,一种用风扇吹风降温的杯盖和使用该杯盖的杯子,浙江省宁波市高新区江南路1558号8楼8086-16室,315000
CN102016000470607,20160627,CN105855764B,20170707,B23K37/00;,株洲天一自动焊接装备有限公司,谭永胜,一种夹具快换机构及机器人焊接工作站,湖南省株洲市栗雨工业园黑龙江路585号,412000
CN102016000473367,20160627,CN106072972B,20170707,A43B3/00;A43B13/14;A43B13/22;A43B23/08;A61H39/04;,苏州市景荣科技有限公司,黄超,一种智能按摩鞋,江苏省苏州市高新区支英街路88号,215000
CN102016000476866,20160627,CN105904129B,20170707,B23K37/00;B23K101/12;,宁波塞尔翔鹰金属制品有限公司,周世春,一种水槽翅焊接结构及焊接方法,浙江省宁波市鄞州区鄞县大道东吴段28号,315113
CN102016000477910,20160627,CN106131573B,20170707,H04N19/573;H04N19/132;H04N19/122;H04N19/176;H04N19/40;,中南大学,张昊,一种HEVC空间分辨率转码方法,湖南省长沙市岳麓区岳麓山左家垅,410000
CN102016000487160,20160628,CN105942570B,20170707,A24B3/12;,湖北中烟工业有限责任公司,周红审,一种用于卷烟的固体加料加香装置及与卷烟机的对接方法,湖北省武汉市东西湖区金山大道1355号,430040
CN102016000491067,20160629,CN106014186B,20170707,E06C7/42;E06C7/44;E06C7/00;A01D46/24;,广德县丰源蔬果种植家庭农场,巫凯,一种用于杨梅采摘梯的梯脚调节装置,安徽省宣城市广德县桃州镇富家村社区,242299
CN102016000491543,20160629,CN106014183B,20170707,E06C7/00;E06C7/18;A01D46/24;,广德县丰源蔬果种植家庭农场,巫凯,一种用于杨梅采摘梯的防护栏,安徽省宣城市广德县桃州镇富家村社区,242299
CN102016000510820,20160704,CN106042284B,20170707,B29C45/26;B29C45/27;B29C45/33;,山东东瑞生物技术有限公司,段书东,一种皮肤吻合器中牵张条的制作模具,山东省济南市市中区西红庙396号,250000
CN102016000511190,20160704,CN106003599B,20170707,B29C45/32;B29C45/33;,山东东瑞生物技术有限公司,段书东,一种皮肤吻合器中粘贴板的制作模具,山东省济南市市中区西红庙396号,250000
CN102016000518514,20160701,CN105977341B,20170707,H01L31/18;H01L21/68;H01L31/048;B32B38/18;,常州亿晶光电科技有限公司,汤平,双玻太阳能组件层压定位装置,江苏省常州市金坛市尧塘镇金武路18号,213213
CN102016000518593,20160705,CN106076276B,20170707,B01J20/24;B01J20/28;C02F1/28;B01J20/30;C02F101/20;,章俊,刘鹏,一种工业废水处理用吸附剂及其制备方法,浙江省温州市龙湾区海城街道富强路55号,325055
CN102016000520068,20160705,CN106006139B,20170707,B65H19/30;B65H19/28;B65H19/26;B65H19/29;B65H26/00;,上海顶点实业有限公司,徐宏,自动复卷机,上海市松江区佘山工业区陶干路26号第一幢、第二幢-3,201600
CN102016000520865,20160705,CN106129129B,20170707,H01L31/0216;H01L31/04;,华中科技大学,程强,一种光吸收复合结构及其应用,湖北省武汉市洪山区珞喻路1037号,430074
CN102016000523372,20160704,CN105915423B,20170707,H04L12/28;H04M1/725;H04W84/12;G05B19/418;,广州市威士丹利智能科技有限公司,陈志雄,智能家居综合控制器,广东省广州市经济技术开发区永和经济区黄旗山路19号A栋A1房,510000
CN102016000532345,20160704,CN106006239B,20170707,B65H75/42;H02G11/02;,常熟市中源电力设备有限公司,俞仲良,导缆小车平移式船舶用接岸电缆卷车,江苏省苏州市常熟市锦州路18号,215500
CN102016000534339,20160708,CN106256273B,20170707,A41C1/10;A41C3/04;A61N2/08;A61N5/06;,江苏婷妃时装有限公司,张忠良,一种抗菌的哺乳期内衣,江苏省镇江市丹阳市皇塘镇太平山,212300
CN102016000536096,20160710,CN106044836B,20170707,C01F17/00;,九江学院,王殿元,一种二氧化铈微米空心球的制备方法,江西省九江市前进东路551号,332005
CN102016000538976,20160711,CN105925008B,20170707,C09B61/00;C09B67/54;C09B67/10;C11B1/04;C11B1/10;,李旭颖,李旭颖,杨梅红色素生产方法,上海市长宁区万航渡路1575号华东政法大学研究生楼301室,201906
CN102016000556639,20160715,CN106155170B,20170707,G05F1/67;,深圳实证可再生能源有限公司,曾祥义,一种太阳能电池最大功率跟踪控制方法,广东省深圳市前海深港合作区前湾一路鲤鱼门街一号前海深港合作区管理局综合办公楼A栋201室,518000
CN102016000562022,20160715,CN106206840B,20170707,H01L31/18;,华北电力大学,陈诺夫,一种石墨衬底浓度渐变P型多晶硅薄膜的制备方法,北京市昌平区朱辛庄北农路2号,102206
CN102016000566563,20160718,CN106169757B,20170707,H02J3/12;H02H9/02;,西安科技大学,马莉,一种基于故障限流器的敏感负荷电压暂降缓解方法,陕西省西安市雁塔中路58号,710054
CN102016000590044,20160725,CN105997451B,20170707,A61H5/00;,张馨予,张国先,一种视力功能恢复装置,山东省青岛市即墨市嵩山一路2号1号楼4单元501户,266200
CN102016000592721,20160726,CN106108570B,20170707,A47G25/06;A47G25/44;,青岛新维纺织开发有限公司,魏合语,一种可伸缩式的悬挂架结构,山东省青岛市市南区古田路11号403户,266000
CN102016000596435,20160727,CN106291661B,20170707,G01V1/00;G01V1/20;G01V1/30;,中南大学,董陇军,采场微震连续监测智能预警仪及其预警方法,湖南省长沙市岳麓区麓山南路932号,410083
CN102016000598168,20160727,CN106023551B,20170707,G08B29/14;,沈阳奥森自动化装备有限公司,周庆党,一种模拟火焰光源独立时钟报警自检电路,辽宁省沈阳市于洪区于洪乡于洪村,110000
CN102016000606316,20160728,CN106220716B,20170707,C07K14/285;C12N15/31;A61K39/102;A61P31/04;,北京市农林科学院,王宏俊,鸡传染性鼻炎亚单位疫苗及其制备方法,北京市海淀区曙光花园中路9号,100097
CN102016000614780,20160729,CN106212001B,20170707,A01G1/00;C05G3/00;A01G9/10;,中国热带农业科学院香料饮料研究所,顾文亮,一种苦丁茶冬青种苗的扦插繁育方法,海南省万宁市兴隆镇香料饮料研究所,571533
CN102016000625138,20160729,CN106276929B,20170707,C01B33/193;A61K8/25;A61Q11/00;,广州市飞雪材料科技有限公司,任振雪,一种磨擦型二氧化硅的制备方法,广东省广州市高新技术产业开发区科学城科丰路31号华南新材料创新园G5栋618号,510663
CN102016000635521,20160804,CN106097762B,20170707,G08G1/14;G07B15/02;,浙江志诚软件有限公司,贺松元,一种车辆信息采集系统和管理系统,浙江省宁波市鄞州区天童北路933号和邦大厦A座32楼,315000
CN102016000643584,20160808,CN106296817B,20170707,G06T17/05;,西安科技大学,马宏伟,一种基于地质数据的工作面煤层三维建模方法,陕西省西安市雁塔中路58号,710054
CN102016000645223,20160809,CN106228840B,20170707,G08G1/14;G07B15/02;,浙江志诚软件有限公司,贺松元,一种停车管理系统,浙江省宁波市鄞州区天童北路933号和邦大厦A座32楼,315000
CN102016000649874,20160809,CN106205192B,20170707,G08G1/14;,浙江志诚软件有限公司,贺松元,一种信息推送系统、方法及装置,浙江省宁波市鄞州区天童北路933号和邦大厦A座32楼,315000
CN102016000653029,20160811,CN106089666B,20170707,F04B49/02;F04B23/02;F04B15/00;,天津市水利工程有限公司,杜辉,一种非开挖顶进用恒压注浆系统及使用方法,天津市河西区珠江道29号,300222
CN102016000654072,20160810,CN106089337B,20170707,F01K7/32;F01K17/04;F01K25/08;F25B9/00;,西安热工研究院有限公司,华能集团技术创新中心,用于余热回收的超临界CO<base:Sub>2</base:Sub>与有机朗肯联合循环发电系统,陕西省西安市碑林区兴庆路136号,710032
CN102016000666095,20160815,CN106241838B,20170707,C01D7/00;,孙东江,叶亦德,磷酸锂制取碳酸锂工艺,江西省赣州市龙南县富康工业园龙南县裕丰矿业有限公司,341700
CN102016000677143,20160816,CN106370444B,20170707,G01M99/00;,深圳高速工程检测有限公司,杨进,基于信息融合的结构损伤诊断方法和结构损伤诊断系统,广东省深圳市福田区中康北路深燃大厦B座6楼602,518000
CN102016000682904,20160818,CN106317744B,20170707,C08L53/02;,福建斯达新材料科技有限公司,李贝,连帮注射鞋底材料的加工方法及该材料与连帮注射鞋及加工方法,福建省泉州市泉州台商投资区张坂镇崇山村口南风厂区,362123
CN102016000710439,20160823,CN106224937B,20170707,F22D1/50;F22B37/50;,刘力,姚栋,一种蒸汽发生器热能回收装置和蒸汽发生器系统,安徽省阜阳市颍河东路321号,236020
CN102016000755784,20160829,CN106236875B,20170707,A61K36/734;A61K36/9068;A61P1/16;A61P27/02;A61P27/10;,湖南知达医药科技有限公司,卞国良,一种清肝明目的中药组合物及其制备方法,湖南省长沙市高新区桐梓坡西路229号麓谷国际工业园孵化大楼A幢901-907号,410205
CN102016000759319,20160830,CN106150841B,20170707,F03B13/00;F04B9/08;F15B13/02;F15B21/04;H02K5/18;,杭州衡源汽车科技有限公司,于宙,一种基于增程器汽车的发电装置,浙江省杭州市西湖区玉古路173号18F-I(1809),310000
CN102016000761004,20160830,CN106221517B,20170707,C09D167/00;C09D163/00;C09D161/20;C09D7/00;C09D7/12;,河北晨阳工贸集团有限公司,郑齐,一种水性氨基烤漆及其制备方法,河北省保定市徐水区晨阳大街1号,072550
CN102016000761911,20160830,CN106150892B,20170707,F03C1/26;F03C1/00;F02B63/04;,杭州衡源汽车科技有限公司,于宙,一种车载发电系统,浙江省杭州市西湖区玉古路173号18F-I(1809),310000
CN102016000772046,20160830,CN106361791B,20170707,A61K31/64;A61K31/4965;A61K36/258;A61K9/48;A61K47/38;A61K47/26;A61P3/10;A61P13/12;A61P3/06;,北京万辉双鹤药业有限责任公司,魏福生,降低肾损害的格列喹酮复方制剂,北京市门头沟区石龙经济开发区上园路1号,102308
CN102016000783309,20160831,CN106229382B,20170707,H01L31/18;,华南师范大学,李述体,一种硅掺杂氮化镓纳米带紫外光探测器及其制备方法,广东省广州市天河区中山大道西55号华南师范大学,510000
CN102016000788499,20160831,CN106272765B,20170707,B27J1/00;B27K5/06;,怀化市恒裕竹木开发有限公司,朱海峰,一种用于竹筒自动展平设备及其生产方法,湖南省怀化市洪江区横岩乡横岩村3组（横岩电站旁）,418000
CN102016000790650,20160831,CN106205882B,20170707,H01B13/02;,合肥神马科技集团有限公司,盛卫国,一种盘绞履带牵引型成缆机的隔离装置,安徽省合肥市经济技术开发区云谷路3399号,230000
CN102016000817747,20160912,CN106299030B,20170707,H01L31/18;,佛山市南海区广工大数控装备协同创新研究院,广东腾山机器人有限公司,一种全自动焊带整形定位装置,广东省佛山市高新区产业智库城,528200
CN102016000834583,20160920,CN106358836B,20170707,A01G9/10;A01C11/00;,湖南巽地农机制造有限责任公司,彭忠圣,一种秧盘秧苗输送分离系统,湖南省娄底市双峰县荷叶镇沙溪村,417712
CN102016000862173,20160928,CN106229063B,20170707,H01B9/00;H01B7/32;,广东美的制冷设备有限公司,美的集团股份有限公司,电源线及电器设备,广东省佛山市顺德区北滘镇美的大道6号美的总部大楼B区26-28楼,528311
CN102016000897500,20161014,CN106410952B,20170707,H02J9/06;,湖南大学,陈燕东,一种多模式UPS的无缝切换控制方法,湖南省长沙市岳麓区麓山南路2号,410082
CN102016000898719,20161016,CN106400704B,20170707,E01D22/00;E01D4/00;,河南省安阳西北绕城高速公路有限公司,华中科技大学,一种圬工拱桥纵向穿孔恒载平衡改造方法,河南省安阳市机场南路西段路南,455000
CN102016000916139,20161020,CN106292472B,20170707,G05B19/042;,哈尔滨工业大学,哈尔滨工大瑞驰高新技术有限公司,一种运动控制方法及装置,黑龙江省哈尔滨市南岗区西大直街92号,150001
CN102016000919039,20161021,CN106298081B,20170707,H01B13/00;,杭州琛恒科技有限公司,胡世阳,一种电缆用滑石粉涂覆装置,浙江省杭州市富阳区富春街道金桥北路127号42-2号,311400
CN102016000919399,20161021,CN106345202B,20170707,B01D47/06;B01D53/78;B01D53/44;B01D53/58;A61L9/01;A01N27/00;A01P1/00;A01P3/00;,上海清臣环保科技有限公司,韩燕仓,高分子空气净化剂及其制备方法,上海市嘉定区南翔镇美裕路600号1幢2109室,201802
CN102016000945831,20161026,CN106297992B,20170707,H01B7/04;H01B7/02;H01B7/28;H01B7/18;H01B7/22;H01B7/282;H01B7/29;H01B9/00;H01B13/26;,覃元子,覃元子,一种石墨烯电缆线及其制备方法和接线方法,湖北省宜昌市猇亭区古老背街办蔡家畈居委会六组29号,443007
CN102016001030576,20161116,CN106437800B,20170707,E21D21/00;,中南大学,董陇军,一种用于锚杆锚固力测试的伸缩装置,湖南省长沙市岳麓区麓山南路932号,410083
CN102016001047098,20161121,CN106453084B,20170707,H04L12/721;H04L12/803;H04L12/863;,中国人民解放军国防科学技术大学,郭得科,一种基于拥塞系数的混合数据中心网络流调度方法,湖南省长沙市开福区砚瓦池,410003
CN102016001067191,20161125,CN106557325B,20170707,G06F9/44;,魏熙柠,魏熙柠,一种可扩展的用户提示信息定义方法及系统,山东省济南市市中区瑞福苑1区1号楼502,250000
CN201280000965.X,20120614,CN103621000B9,20170707,H04L1/06;,华为技术有限公司,王建国,确定预编码矩阵指示的方法、用户设备、基站演进节点,广东省深圳市龙岗区坂田华为基地,518129
CN201280074836.5,20120724,CN104487308B9,20170707,B60W50/12;B60W50/08;B60K28/06;,丰田自动车株式会社,小花麻纯,驾驶辅助装置,日本爱知县,0
CN201580001138.6,20150212,CN106029973B,20170707,D06M13/463;D06M101/06;,深圳大学,陈仕国,一种持久抗菌防污纺织品及其制备方法,广东省深圳市南山区南海大道3688号,518060
CN201580002189.0,20150731,CN105659001B,20170707,F16H61/00;,铃木株式会社,竹中宏光,自动变速器,日本静冈县,0
CN201580002680.3,20150105,CN105765301B,20170707,F21V25/04;F21K9/27;,飞利浦照明控股有限公司,V·S·D·吉伦,用于在荧光灯管照明装置中进行改装的LED灯管,荷兰艾恩德霍芬市,0
CN201580003441.X,20150122,CN105899954B,20170707,G01N35/10;G01N1/00;,株式会社日立高新技术,平野匡章,分注装置以及分注方法,日本东京都,0
CN201580003648.7,20150105,CN105874469B,20170707,G06K9/00;,高通股份有限公司,伊丽莎·樱子·杜,传感器识别,美国加利福尼亚州,0
CN201580008169.4,20151009,CN105980390B,20170707,C07D487/04;A61K31/519;A61P19/02;A61P29/00;,江苏恒瑞医药股份有限公司,孙飘扬,一种JAK激酶抑制剂的硫酸氢盐的结晶形式及其制备方法,江苏省连云港市经济技术开发区昆仑山路7号,222047
CN201580008440.4,20150903,CN105980461B,20170707,C08J5/18;A61J1/00;A61J1/05;,株式会社可乐丽,野岛裕介,液体包装容器用膜和液体包装容器,日本冈山县仓敷市酒津１６２１番地,0
